,FSCL_YY,OFFC_NM,PGM_NM,Y_YY_DFN_MEDI_KCUR_AMT
1,2013,행정안전부,주택·시설운영및고객지원,5757180
2,2013,행정안전부,주택·시설운영및고객지원,6396965
3,2013,국토해양부,주택시장안정및주거복지향상,5202019
4,2013,국토해양부,주택시장안정및주거복지향상,2650000
5,2013,국토해양부,주택시장안정및주거복지향상,55000000
6,2013,국토해양부,주택시장안정및주거복지향상,137060000
7,2013,국토해양부,주택시장안정및주거복지향상,46091083
8,2013,국토해양부,주택시장안정및주거복지향상,35267000
9,2013,국토해양부,주택시장안정및주거복지향상,40622000
10,2013,행정안전부,주택·시설운영및고객지원,0
11,2013,국토해양부,주택시장안정및주거복지향상,770000
12,2013,국토해양부,주택시장안정및주거복지향상(구입ㆍ전세자금융자),7650000000
13,2013,국토해양부,주택시장안정및주거복지향상,1000000
14,2013,금융위원회,주택금융지원,21433000
15,2013,금융위원회,주택금융지원,120000000
16,2013,금융위원회,주택금융지원,40000000
17,2013,행정안전부,주택·시설운영및고객지원,145228000
18,2013,행정안전부,주택·시설운영및고객지원,247449833
19,2013,국토해양부,주택시장안정및주거복지향상,1152000
20,2013,국토해양부,주택시장안정및주거복지향상,419557000
21,2013,국토해양부,주택시장안정및주거복지향상,2724000
22,2013,국토해양부,주택시장안정및주거복지향상,400000
23,2013,국토해양부,주택시장안정및주거복지향상,425000
24,2013,행정안전부,주택·시설운영및고객지원,0
25,2013,국토해양부,주택시장안정및주거복지향상,59500000
26,2013,국토해양부,주택시장안정및주거복지향상,25500000
27,2013,국토해양부,주택시장안정및주거복지향상,850000
28,2013,국토해양부,주택시장안정및주거복지향상,110000000
29,2013,국토해양부,주택시장안정및주거복지향상,580557000
30,2013,국토해양부,주택시장안정및주거복지향상,42000000
31,2013,국토해양부,주택시장안정및주거복지향상,744000
32,2013,국토해양부,주택시장안정및주거복지향상,400000
33,2013,국토해양부,주택시장안정및주거복지향상,0
34,2013,행정안전부,주택·시설운영및고객지원,205323094
35,2013,국토해양부,주택시장안정및주거복지향상,20898
36,2013,국토해양부,주택시장안정및주거복지향상,432366000
37,2013,행정안전부,주택·시설운영및고객지원,26929024
38,2013,행정안전부,주택·시설운영및고객지원,34424000
39,2013,국토해양부,주택시장안정및주거복지향상,0
40,2013,국토해양부,주택시장안정및주거복지향상,0
41,2013,국토해양부,주택시장안정및주거복지향상,109700000
42,2013,국토해양부,주택시장안정및주거복지향상,640000
43,2013,국토해양부,주택시장안정및주거복지향상,0
44,2013,국토해양부,주택시장안정및주거복지향상,131775000
45,2013,국토해양부,주택시장안정및주거복지향상,20178000
46,2013,국토해양부,주택시장안정및주거복지향상,1583332000
47,2013,행정안전부,주택·시설운영및고객지원,46477834
48,2013,행정안전부,주택·시설운영및고객지원,1918000
49,2013,국토해양부,주택시장안정및주거복지향상,947000
50,2013,국토해양부,주택시장안정및주거복지향상,62690000
51,2014,국토교통부,주택시장안정및주거복지향상,318000
52,2014,안전행정부,주택·시설운영및고객지원,3607000
53,2014,국토교통부,주택시장안정및주거복지향상,757000
54,2014,국토교통부,주택시장안정및주거복지향상,20178000
55,2014,국토교통부,주택시장안정및주거복지향상,52456000
56,2014,안전행정부,주택·시설운영및고객지원,37367000
57,2014,국토교통부,주택시장안정및주거복지향상,1047000
58,2014,국토교통부,주택시장안정및주거복지향상,291593000
59,2014,국토교통부,주택시장안정및주거복지향상,40622000
60,2014,금융위원회,주택금융지원,0
61,2014,안전행정부,주택·시설운영및고객지원,1918000
62,2014,국토교통부,주택시장안정및주거복지향상(구입ㆍ전세자금융자),9364300000
63,2014,국토교통부,주택시장안정및주거복지향상,5744000
64,2014,국토교통부,주택시장안정및주거복지향상,109700000
65,2014,국토교통부,주택시장안정및주거복지향상,941850
66,2014,국토교통부,주택시장안정및주거복지향상,900000
67,2014,국토교통부,주택시장안정및주거복지향상,0
68,2014,국토교통부,주택시장안정및주거복지향상,1498000
69,2014,안전행정부,주택·시설운영및고객지원,393186000
70,2014,국토교통부,주택시장안정및주거복지향상,860000
71,2014,국토교통부,주택시장안정및주거복지향상,21789
72,2014,국토교통부,주택시장안정및주거복지향상,35000000
73,2014,국토교통부,주택시장안정및주거복지향상,15000000
74,2014,국토교통부,주택시장안정및주거복지향상,1592600000
75,2014,안전행정부,주택·시설운영및고객지원,152896000
76,2014,안전행정부,주택·시설운영및고객지원,6325000
77,2014,국토교통부,주택시장안정및주거복지향상,400000
78,2014,국토교통부,주택시장안정및주거복지향상,0
79,2014,국토교통부,주택시장안정및주거복지향상,678853000
80,2014,국토교통부,주택시장안정및주거복지향상,142546000
81,2014,안전행정부,주택·시설운영및고객지원,50479000
82,2014,국토교통부,주택시장안정및주거복지향상,744000
83,2014,국토교통부,주택시장안정및주거복지향상,0
84,2014,안전행정부,주택·시설운영및고객지원,18068000
85,2014,국토교통부,주택시장안정및주거복지향상,423000
86,2014,국토교통부,주택시장안정및주거복지향상,4181000
87,2014,국토교통부,주택시장안정및주거복지향상,190758000
88,2014,국토교통부,주택시장안정및주거복지향상,388600000
89,2014,국토교통부,주택시장안정및주거복지향상,0
90,2014,국토교통부,주택시장안정및주거복지향상,161775000
91,2014,국토교통부,주택시장안정및주거복지향상,500000
92,2014,금융위원회,주택금융지원,0
93,2014,국토교통부,주택시장안정및주거복지향상,640000
94,2014,국토교통부,주택시장안정및주거복지향상,117907000
95,2014,안전행정부,주택·시설운영및고객지원,97307000
96,2014,국토교통부,주택시장안정및주거복지향상,12000000
97,2014,국토교통부,주택시장안정및주거복지향상,400000
98,2014,국토교통부,주택시장안정및주거복지향상,47282342
99,2014,국토교통부,주택시장안정및주거복지향상,3937000
100,2014,국토교통부,주택시장안정및주거복지향상,19605000
101,2014,국토교통부,주택시장안정및주거복지향상,2824000
102,2014,국토교통부,주택시장안정및주거복지향상,110000000
103,2014,국토교통부,주택시장안정및주거복지향상,5202019
104,2014,안전행정부,주택·시설운영및고객지원,15383000
105,2014,국토교통부,주택시장안정및주거복지향상,0
106,2014,금융위원회,주택금융지원,0
107,2014,국토교통부,주택시장안정및주거복지향상,0
108,2014,국토교통부,주택시장안정및주거복지향상,125000000
109,2015,국토교통부,주택시장안정및주거복지향상,0
110,2015,국토교통부,주택시장안정및주거복지향상,7354000
111,2015,국토교통부,주택시장안정및주거복지향상,226102000
112,2015,국토교통부,주택시장안정및주거복지향상,400000
113,2015,국토교통부,주택시장안정및주거복지향상,0
114,2015,국토교통부,주택시장안정및주거복지향상,385925000
115,2015,국토교통부,주택시장안정및주거복지향상,143000000
116,2015,국토교통부,주택시장안정및주거복지향상,0
117,2015,안전행정부,주택·시설운영및고객지원,0
118,2015,국토교통부,주택시장안정및주거복지향상,1557000000
119,2015,안전행정부,주택·시설운영및고객지원,14258000
120,2015,국토교통부,주택시장안정및주거복지향상,0
121,2015,국토교통부,주택시장안정및주거복지향상,310238000
122,2015,안전행정부,주택·시설운영및고객지원,1975000
123,2015,국토교통부,주택시장안정및주거복지향상,1335000
124,2015,국토교통부,주택시장안정및주거복지향상,0
125,2015,국토교통부,주택시장안정및주거복지향상,10000
126,2015,국토교통부,주택시장안정및주거복지향상,100000
127,2015,국토교통부,주택시장안정및주거복지향상,1147000
128,2015,국토교통부,주택시장안정및주거복지향상,0
129,2015,국토교통부,주택시장안정및주거복지향상,1294000
130,2015,국토교통부,주택시장안정및주거복지향상,24100000
131,2015,국토교통부,주택시장안정및주거복지향상(구입ㆍ전세자금융자),9066000000
132,2015,안전행정부,주택·시설운영및고객지원,158343000
133,2015,국토교통부,주택시장안정및주거복지향상,23000
134,2015,국토교통부,주택시장안정및주거복지향상,158647000
135,2015,국토교통부,주택시장안정및주거복지향상,0
136,2015,국토교통부,주택시장안정및주거복지향상,600000
137,2015,안전행정부,주택·시설운영및고객지원,2480000
138,2015,국토교통부,주택시장안정및주거복지향상,47343119
139,2015,국토교통부,주택시장안정및주거복지향상,1348000
140,2015,국토교통부,주택시장안정및주거복지향상,0
141,2015,국토교통부,주택시장안정및주거복지향상,3900000
142,2015,안전행정부,주택·시설운영및고객지원,445610000
143,2015,국토교통부,주택시장안정및주거복지향상,45000
144,2015,국토교통부,주택시장안정및주거복지향상,159260000
145,2015,국토교통부,주택시장안정및주거복지향상,145575000
146,2015,안전행정부,주택·시설운영및고객지원,13220000
147,2015,국토교통부,주택시장안정및주거복지향상,10000
148,2015,국토교통부,주택시장안정및주거복지향상,14098000
149,2015,국토교통부,주택시장안정및주거복지향상,0
150,2015,국토교통부,주택시장안정및주거복지향상,62503000
151,2015,국토교통부,주택시장안정및주거복지향상,200000
152,2015,안전행정부,주택·시설운영및고객지원,8606000
153,2015,국토교통부,주택시장안정및주거복지향상,20000
154,2015,국토교통부,주택시장안정및주거복지향상,0
155,2015,국토교통부,주택시장안정및주거복지향상,58642000
156,2015,국토교통부,주택시장안정및주거복지향상,22086000
157,2015,국토교통부,주택시장안정및주거복지향상,1060000
158,2015,국토교통부,주택시장안정및주거복지향상,500542000
159,2015,국토교통부,주택시장안정및주거복지향상,0
160,2015,국토교통부,주택시장안정및주거복지향상,115000000
161,2015,국토교통부,주택시장안정및주거복지향상,77560000
162,2015,국토교통부,주택시장안정및주거복지향상,828900
163,2015,국토교통부,주택시장안정및주거복지향상,0
164,2015,국토교통부,주택시장안정및주거복지향상,0
165,2015,국토교통부,주택시장안정및주거복지향상,9000000
166,2015,국토교통부,주택시장안정및주거복지향상,384000000
167,2015,안전행정부,주택·시설운영및고객지원,16725000
168,2015,국토교통부,주택시장안정및주거복지향상,4916431
169,2015,안전행정부,주택·시설운영및고객지원,47730000
170,2015,국토교통부,주택시장안정및주거복지향상,107443000
171,2015,국토교통부,주택시장안정및주거복지향상,1061550
172,2015,국토교통부,주택시장안정및주거복지향상,37214000
173,2015,안전행정부,주택·시설운영및고객지원,69654000
174,2015,국토교통부,주택시장안정및주거복지향상,756000
175,2016,국토교통부,주택시장안정및주거복지향상,5500000
176,2016,국토교통부,주택시장안정및주거복지향상,46888979
177,2016,국토교통부,주택시장안정및주거복지향상,832050
178,2016,국토교통부,분양주택등지원,0
179,2016,국토교통부,주택시장안정및주거복지향상,1655100000
180,2016,인사혁신처,주택·시설운영및고객지원,510623142
181,2016,인사혁신처,주택·시설운영및고객지원,622218
182,2016,국토교통부,임대주택지원(융자),0
183,2016,국토교통부,주택시장안정및주거복지향상,30120
184,2016,인사혁신처,주택·시설운영및고객지원,47553000
185,2016,국토교통부,주택시장안정및주거복지향상,2395000
186,2016,국토교통부,분양주택등지원,25500000
187,2016,국토교통부,분양주택등지원,461788000
188,2016,인사혁신처,주택·시설운영및고객지원,2010000
189,2016,국토교통부,분양주택등지원,0
190,2016,인사혁신처,주택·시설운영및고객지원,0
191,2016,국토교통부,주택시장안정및주거복지향상,0
192,2016,국토교통부,임대주택지원(융자),1989936000
193,2016,인사혁신처,주택·시설운영및고객지원,1010000
194,2016,국토교통부,임대주택지원(융자),708594000
195,2016,국토교통부,임대주택지원(융자),211100000
196,2016,국토교통부,주택시장안정및주거복지향상,0
197,2016,인사혁신처,주택·시설운영및고객지원,39000
198,2016,국토교통부,주택시장안정및주거복지향상,0
199,2016,국토교통부,주택시장안정및주거복지향상,4916431
200,2016,국토교통부,주택시장안정및주거복지향상,0
201,2016,국토교통부,주택시장안정및주거복지향상,22086000
202,2016,국토교통부,임대주택지원(출자),159975000
203,2016,국토교통부,주택시장안정및주거복지향상,23540
204,2016,인사혁신처,주택·시설운영및고객지원,0
205,2016,인사혁신처,주택·시설운영및고객지원,3130000
206,2016,인사혁신처,주택·시설운영및고객지원,8723000
207,2016,국토교통부,주택시장안정및주거복지향상,0
208,2016,국토교통부,주택시장안정및주거복지향상,0
209,2016,국토교통부,주택시장안정및주거복지향상,0
210,2016,인사혁신처,주택·시설운영및고객지원,6413502
211,2016,국토교통부,주택시장안정및주거복지향상,1423000
212,2016,국토교통부,주택시장안정및주거복지향상,693000
213,2016,국토교통부,주택시장안정및주거복지향상,0
214,2016,국토교통부,주택시장안정및주거복지향상,900000
215,2016,인사혁신처,주택·시설운영및고객지원,186610
216,2016,국토교통부,주택시장안정및주거복지향상,21700000
217,2016,국토교통부,임대주택지원(출자),14294000
218,2016,국토교통부,임대주택지원(출자),131903000
219,2016,국토교통부,주택시장안정및주거복지향상,100000
220,2016,국토교통부,주택시장안정및주거복지향상,0
221,2016,국토교통부,임대주택지원(융자),0
222,2016,국토교통부,주택시장안정및주거복지향상,142548000
223,2016,국토교통부,주택시장안정및주거복지향상,0
224,2016,국토교통부,주택시장안정및주거복지향상,0
225,2016,국토교통부,임대주택지원(융자),0
226,2016,국토교통부,주택시장안정및주거복지향상,15000
227,2016,국토교통부,주택시장안정및주거복지향상,1247000
228,2016,국토교통부,임대주택지원(융자),0
229,2016,국토교통부,주택시장안정및주거복지향상,909000
230,2016,국토교통부,주택시장안정및주거복지향상,134082000
231,2016,인사혁신처,주택·시설운영및고객지원,796372
232,2016,국토교통부,주택시장안정및주거복지향상,0
233,2016,국토교통부,주택시장안정및주거복지향상,570000
234,2016,국토교통부,주택시장안정및주거복지향상,0
235,2016,국토교통부,주택시장안정및주거복지향상,0
236,2016,국토교통부,임대주택지원(융자),482500000
237,2016,인사혁신처,주택·시설운영및고객지원,1300000
238,2016,인사혁신처,주택·시설운영및고객지원,4580470
239,2016,인사혁신처,주택·시설운영및고객지원,592031
240,2016,인사혁신처,주택·시설운영및고객지원,0
241,2016,인사혁신처,주택·시설운영및고객지원,9273109
242,2016,인사혁신처,주택·시설운영및고객지원,0
243,2016,국토교통부,주택시장안정및주거복지향상,0
244,2016,국토교통부,주택시장안정및주거복지향상,180250
245,2016,국토교통부,주택시장안정및주거복지향상,0
246,2016,인사혁신처,주택·시설운영및고객지원,0
247,2016,인사혁신처,주택·시설운영및고객지원,718939
248,2016,인사혁신처,주택·시설운영및고객지원,379000
249,2016,국토교통부,주택시장안정및주거복지향상,50000000
250,2016,국토교통부,임대주택지원(융자),661583000
251,2016,국토교통부,임대주택지원(출자),52165000
252,2016,국토교통부,임대주택지원(출자),527610000
253,2016,인사혁신처,주택·시설운영및고객지원,65398000
254,2016,인사혁신처,주택·시설운영및고객지원,2877979
255,2016,국토교통부,주택시장안정및주거복지향상,0
256,2016,국토교통부,주택시장안정및주거복지향상,9300000
257,2016,국토교통부,주택시장안정및주거복지향상,0
258,2016,인사혁신처,주택·시설운영및고객지원,0
259,2016,국토교통부,주택시장안정및주거복지향상,14630
260,2016,국토교통부,주택시장안정및주거복지향상,45000
261,2016,국토교통부,임대주택지원(출자),253823000
262,2016,국토교통부,임대주택지원(출자),57176000
263,2016,인사혁신처,주택·시설운영및고객지원,2978000
264,2016,인사혁신처,주택·시설운영및고객지원,3321915
265,2016,인사혁신처,주택·시설운영및고객지원,1406788
266,2016,국토교통부,주택시장안정및주거복지향상,0
267,2016,국토교통부,주택시장안정및주거복지향상,0
268,2016,국토교통부,분양주택등지원,20636000
269,2016,금융위원회,주택금융지원,0
270,2016,국토교통부,주택시장안정및주거복지향상,17727000
271,2016,국토교통부,주택시장안정및주거복지향상,0
272,2016,국토교통부,주택시장안정및주거복지향상,1009960000
273,2016,국토교통부,주택시장안정및주거복지향상,719000
274,2016,국토교통부,주택시장안정및주거복지향상,0
275,2016,국토교통부,임대주택지원(출자),283775000
276,2016,국토교통부,임대주택지원(출자),63456000
277,2016,국토교통부,임대주택지원(출자),962960000
278,2016,인사혁신처,주택·시설운영및고객지원,0
279,2016,인사혁신처,주택·시설운영및고객지원,7897021
280,2016,인사혁신처,주택·시설운영및고객지원,51499000
281,2016,인사혁신처,주택·시설운영및고객지원,1156628
282,2016,국토교통부,주택시장안정및주거복지향상,0
283,2016,국토교통부,주택시장안정및주거복지향상,0
284,2016,국토교통부,분양주택등지원,0
285,2016,국토교통부,임대주택지원(융자),0
286,2016,국토교통부,주택시장안정및주거복지향상,107443000
287,2016,국토교통부,주택시장안정및주거복지향상,657148000
288,2016,국토교통부,임대주택지원(출자),8535000
289,2016,인사혁신처,주택·시설운영및고객지원,9357276
290,2017,국토교통부,주택시장안정및주거복지향상,17500000
291,2017,국토교통부,주택시장안정및주거복지향상,0
292,2017,국토교통부,주택시장안정및주거복지향상,22086000
293,2017,인사혁신처,주택·시설운영및고객지원,0
294,2017,국토교통부,주택시장안정및주거복지향상,0
295,2017,국토교통부,주택시장안정및주거복지향상,2508000
296,2017,국토교통부,주택시장안정및주거복지향상,1473000
297,2017,국토교통부,주택시장안정및주거복지향상,145862000
298,2017,국토교통부,주택시장안정및주거복지향상,4916431
299,2017,국토교통부,주택시장안정및주거복지향상,832050
300,2017,국토교통부,임대주택지원(융자),927472000
301,2017,국토교통부,주택시장안정및주거복지향상,19782000
302,2017,국토교통부,주택시장안정및주거복지향상,1550000
303,2017,국토교통부,주택시장안정및주거복지향상,0
304,2017,국토교통부,주택시장안정및주거복지향상,23363000
305,2017,국토교통부,주택시장안정및주거복지향상,113105000
306,2017,인사혁신처,주택·시설운영및고객지원,5020000
307,2017,인사혁신처,주택·시설운영및고객지원,3527000
308,2017,국토교통부,주택시장안정및주거복지향상,41912154
309,2017,국토교통부,주택시장안정및주거복지향상,0
310,2017,인사혁신처,주택·시설운영및고객지원,52805000
311,2017,국토교통부,주택시장안정및주거복지향상,0
312,2017,국토교통부,주택시장안정및주거복지향상,0
313,2017,국토교통부,임대주택지원(융자),1380690000
314,2017,인사혁신처,주택·시설운영및고객지원,41000
315,2017,국토교통부,임대주택지원(출자),132800000
316,2017,국토교통부,임대주택지원(출자),919912000
317,2017,국토교통부,주택시장안정및주거복지향상,6743000
318,2017,국토교통부,주택시장안정및주거복지향상,0
319,2017,국토교통부,주택시장안정및주거복지향상,0
320,2017,인사혁신처,주택·시설운영및고객지원,8198000
321,2017,인사혁신처,주택·시설운영및고객지원,18000
322,2017,국토교통부,주택시장안정및주거복지향상,1459000
323,2017,국토교통부,주택시장안정및주거복지향상,100000
324,2017,국토교통부,주택시장안정및주거복지향상,0
325,2017,국토교통부,주택시장안정및주거복지향상,0
326,2017,인사혁신처,주택·시설운영및고객지원,0
327,2017,국토교통부,임대주택지원(출자),9000000
328,2017,국토교통부,임대주택지원(출자),1664080000
329,2017,국토교통부,주택시장안정및주거복지향상,693000
330,2017,국토교통부,분양주택등지원,131450000
331,2017,국토교통부,임대주택지원(출자),50497000
332,2017,국토교통부,주택시장안정및주거복지향상,150000
333,2017,국토교통부,주택시장안정및주거복지향상,0
334,2017,국토교통부,주택시장안정및주거복지향상,634007000
335,2017,인사혁신처,주택·시설운영및고객지원,5815000
336,2017,인사혁신처,주택·시설운영및고객지원,21882000
337,2017,국토교통부,주택시장안정및주거복지향상,1030000
338,2017,국토교통부,주택시장안정및주거복지향상,0
339,2017,국토교통부,주택시장안정및주거복지향상,0
340,2017,인사혁신처,주택·시설운영및고객지원,580000
341,2017,인사혁신처,주택·시설운영및고객지원,10327000
342,2017,인사혁신처,주택·시설운영및고객지원,0
343,2017,금융위원회,주택금융지원,0
344,2017,국토교통부,주택시장안정및주거복지향상,5500000
345,2017,국토교통부,주택시장안정및주거복지향상,114818000
346,2017,인사혁신처,주택·시설운영및고객지원,795000
347,2017,인사혁신처,주택·시설운영및고객지원,0
348,2017,인사혁신처,주택·시설운영및고객지원,881000
349,2017,인사혁신처,주택·시설운영및고객지원,50300000
350,2017,국토교통부,주택시장안정및주거복지향상,0
351,2017,국토교통부,주택시장안정및주거복지향상,180000
352,2017,국토교통부,주택시장안정및주거복지향상,1647000
353,2017,국토교통부,주택시장안정및주거복지향상,30000
354,2017,인사혁신처,주택·시설운영및고객지원,0
355,2017,인사혁신처,주택·시설운영및고객지원,523000
356,2017,인사혁신처,주택·시설운영및고객지원,9817000
357,2017,국토교통부,임대주택지원(출자),392450000
358,2017,국토교통부,주택시장안정및주거복지향상,0
359,2017,국토교통부,주택시장안정및주거복지향상,200000
360,2017,국토교통부,분양주택등지원,382778000
361,2017,인사혁신처,주택·시설운영및고객지원,2771000
362,2017,인사혁신처,주택·시설운영및고객지원,0
363,2017,국토교통부,임대주택지원(출자),19389000
364,2017,국토교통부,주택시장안정및주거복지향상,30000
365,2017,국토교통부,주택시장안정및주거복지향상,5000
366,2017,국토교통부,주택시장안정및주거복지향상,5000
367,2017,국토교통부,임대주택지원(융자),519950000
368,2017,인사혁신처,주택·시설운영및고객지원,99000
369,2017,국토교통부,임대주택지원(출자),10203000
370,2017,국토교통부,주택시장안정및주거복지향상,24365
371,2017,국토교통부,분양주택등지원,7645000
372,2017,국토교통부,임대주택지원(융자),572500000
373,2017,인사혁신처,주택·시설운영및고객지원,464068000
374,2017,인사혁신처,주택·시설운영및고객지원,100000
375,2017,인사혁신처,주택·시설운영및고객지원,2862000
376,2017,국토교통부,임대주택지원(출자),1000000
377,2017,인사혁신처,주택·시설운영및고객지원,0
378,2017,국토교통부,주택시장안정및주거복지향상,15000
379,2017,국토교통부,임대주택지원(출자),206427000
380,2017,인사혁신처,주택·시설운영및고객지원,0
381,2017,인사혁신처,주택·시설운영및고객지원,614000
382,2017,국토교통부,임대주택지원(융자),1800614000
383,2017,인사혁신처,주택·시설운영및고객지원,659000
384,2017,인사혁신처,주택·시설운영및고객지원,663000
385,2017,인사혁신처,주택·시설운영및고객지원,826000
386,2017,인사혁신처,주택·시설운영및고객지원,0
387,2017,국토교통부,임대주택지원(출자),35471000
388,2017,국토교통부,주택시장안정및주거복지향상,15000
389,2017,국토교통부,주택시장안정및주거복지향상,719000
390,2017,인사혁신처,주택·시설운영및고객지원,0
391,2017,국토교통부,주택시장안정및주거복지향상,918308000
392,2017,국토교통부,주택시장안정및주거복지향상,0
393,2017,인사혁신처,주택·시설운영및고객지원,3395670
394,2017,인사혁신처,주택·시설운영및고객지원,2169000
395,2017,국토교통부,주택시장안정및주거복지향상,0
396,2017,국토교통부,주택시장안정및주거복지향상,7500000
397,2017,인사혁신처,주택·시설운영및고객지원,1067000
398,2017,국토교통부,주택시장안정및주거복지향상,2000000
399,2017,국토교통부,주택시장안정및주거복지향상,1594077000
400,2017,인사혁신처,주택·시설운영및고객지원,0
401,2017,인사혁신처,주택·시설운영및고객지원,0
402,2018,국토교통부,임대주택지원(융자),494248000
403,2018,국토교통부,임대주택지원(출자),595175000
404,2018,인사혁신처,주택·시설운영및고객지원,1823000
405,2018,국토교통부,주택시장안정및주거복지향상,100000
406,2018,국토교통부,임대주택지원(융자),1084232000
407,2018,국토교통부,임대주택지원(출자),123680000
408,2018,인사혁신처,주택·시설운영및고객지원,0
409,2018,국토교통부,주택시장안정및주거복지향상,0
410,2018,국토교통부,주택시장안정및주거복지향상,70000000
411,2018,인사혁신처,주택·시설운영및고객지원,135624
412,2018,인사혁신처,주택·시설운영및고객지원,0
413,2018,국토교통부,주택시장안정및주거복지향상,0
414,2018,국토교통부,주택시장안정및주거복지향상,0
415,2018,국토교통부,임대주택지원(출자),255075000
416,2018,인사혁신처,주택·시설운영및고객지원,0
417,2018,인사혁신처,주택·시설운영및고객지원,126000
418,2018,인사혁신처,주택·시설운영및고객지원,315000
419,2018,인사혁신처,주택·시설운영및고객지원,2788081
420,2018,국토교통부,주택시장안정및주거복지향상,1771000
421,2018,국토교통부,주택시장안정및주거복지향상,0
422,2018,금융위원회,주택금융지원,90000000
423,2018,금융위원회,주택금융지원,0
424,2018,인사혁신처,주택·시설운영및고객지원,4423037
425,2018,인사혁신처,주택·시설운영및고객지원,1303000
426,2018,국토교통부,주택시장안정및주거복지향상,0
427,2018,국토교통부,분양주택등지원,0
428,2018,국토교통부,임대주택지원(출자),2300000
429,2018,인사혁신처,주택·시설운영및고객지원,0
430,2018,국토교통부,주택시장안정및주거복지향상,1948000
431,2018,국토교통부,주택시장안정및주거복지향상,21350000
432,2018,국토교통부,주택시장안정및주거복지향상,0
433,2018,국토교통부,임대주택지원(융자),1339490000
434,2018,국토교통부,임대주택지원(출자),50921000
435,2018,인사혁신처,주택·시설운영및고객지원,1132000
436,2018,국토교통부,주택시장안정및주거복지향상,28812495
437,2018,국토교통부,주택시장안정및주거복지향상,29000
438,2018,국토교통부,주택시장안정및주거복지향상,105457000
439,2018,인사혁신처,주택·시설운영및고객지원,928000
440,2018,인사혁신처,주택·시설운영및고객지원,2361772
441,2018,인사혁신처,주택·시설운영및고객지원,34705000
442,2018,국토교통부,주택시장안정및주거복지향상,1394000
443,2018,인사혁신처,주택·시설운영및고객지원,5097000
444,2018,국토교통부,분양주택등지원,59000
445,2018,국토교통부,주택시장안정및주거복지향상,151992000
446,2018,국토교통부,임대주택지원(출자),224515000
447,2018,인사혁신처,주택·시설운영및고객지원,0
448,2018,국토교통부,주택시장안정및주거복지향상,0
449,2018,국토교통부,주택시장안정및주거복지향상,7088000
450,2018,국토교통부,주택시장안정및주거복지향상,21359000
451,2018,국토교통부,분양주택등지원,0
452,2018,국토교통부,분양주택등지원,293300000
453,2018,국토교통부,분양주택등지원,333923000
454,2018,국토교통부,주택시장안정및주거복지향상,726800000
455,2018,국토교통부,주택시장안정및주거복지향상,0
456,2018,국토교통부,주택시장안정및주거복지향상,12143000
457,2018,국토교통부,주택시장안정및주거복지향상,1000000
458,2018,인사혁신처,주택·시설운영및고객지원,60200
459,2018,국토교통부,분양주택등지원,20000000
460,2018,국토교통부,임대주택지원(출자),774526000
461,2018,인사혁신처,주택·시설운영및고객지원,645828
462,2018,국토교통부,임대주택지원(융자),3301000000
463,2018,인사혁신처,주택·시설운영및고객지원,8214000
464,2018,인사혁신처,주택·시설운영및고객지원,13451000
465,2018,인사혁신처,주택·시설운영및고객지원,0
466,2018,인사혁신처,주택·시설운영및고객지원,1882000
467,2018,국토교통부,임대주택지원(출자),59497000
468,2018,인사혁신처,주택·시설운영및고객지원,49660000
469,2018,국토교통부,주택시장안정및주거복지향상,29000
470,2018,인사혁신처,주택·시설운영및고객지원,421043000
471,2018,국토교통부,주택시장안정및주거복지향상,1713000
472,2018,국토교통부,주택시장안정및주거복지향상,0
473,2018,국토교통부,주택시장안정및주거복지향상,1241900000
474,2018,인사혁신처,주택·시설운영및고객지원,7952656
475,2018,인사혁신처,주택·시설운영및고객지원,689000
476,2018,인사혁신처,주택·시설운영및고객지원,4272963
477,2018,국토교통부,주택시장안정및주거복지향상,0
478,2018,인사혁신처,주택·시설운영및고객지원,800417
479,2018,국토교통부,주택시장안정및주거복지향상,1094610000
480,2018,국토교통부,주택시장안정및주거복지향상,200000
481,2018,국토교통부,주택시장안정및주거복지향상,6000
482,2018,국토교통부,임대주택지원(출자),16973000
483,2018,국토교통부,주택시장안정및주거복지향상,22086000
484,2018,국토교통부,임대주택지원(출자),5552000
485,2018,국토교통부,주택시장안정및주거복지향상,350000
486,2018,국토교통부,주택시장안정및주거복지향상,0
487,2018,국토교통부,주택시장안정및주거복지향상,107000
488,2018,국토교통부,주택시장안정및주거복지향상,0
489,2018,국토교통부,임대주택지원(융자),1711163000
490,2018,국토교통부,임대주택지원(출자),4961000
491,2018,국토교통부,주택시장안정및주거복지향상,28800000
492,2018,국토교통부,주택시장안정및주거복지향상,1030000
493,2018,인사혁신처,주택·시설운영및고객지원,13341228
494,2018,국토교통부,주택시장안정및주거복지향상,5808000
495,2018,국토교통부,주택시장안정및주거복지향상,240000
496,2018,국토교통부,주택시장안정및주거복지향상,5000
497,2018,국토교통부,주택시장안정및주거복지향상,8641000
498,2018,국토교통부,주택시장안정및주거복지향상,104277000
499,2018,국토교통부,임대주택지원(융자),932500000
500,2018,인사혁신처,주택·시설운영및고객지원,685622
501,2018,국토교통부,주택시장안정및주거복지향상,150000
502,2018,국토교통부,주택시장안정및주거복지향상,14000
503,2018,국토교통부,주택시장안정및주거복지향상,23000
504,2018,국토교통부,주택시장안정및주거복지향상,19505
505,2018,국토교통부,임대주택지원(출자),1196800000
506,2018,인사혁신처,주택·시설운영및고객지원,442572
507,2019,금융위원회,주택금융지원,0
508,2019,국토교통부,임대주택지원(출자),9596000
509,2019,국토교통부,분양주택등지원,250000000
510,2019,국토교통부,임대주택지원(출자),0
511,2019,인사혁신처,주택·시설운영및고객지원,48150000
512,2019,국토교통부,주택시장안정및주거복지향상,0
513,2019,국토교통부,임대주택지원(출자),728184000
514,2019,인사혁신처,주택·시설운영및고객지원,797280
515,2019,인사혁신처,주택·시설운영및고객지원,0
516,2019,국토교통부,주택시장안정및주거복지향상,2563000
517,2019,국토교통부,주택시장안정및주거복지향상,6692000
518,2019,국토교통부,주택시장안정및주거복지향상,14751000
519,2019,국토교통부,주택시장안정및주거복지향상,6250
520,2019,국토교통부,주택시장안정및주거복지향상,15000000
521,2019,국토교통부,임대주택지원(출자),65703000
522,2019,국토교통부,임대주택지원(출자),291349000
523,2019,국토교통부,분양주택등지원,56000
524,2019,인사혁신처,주택·시설운영및고객지원,497037
525,2019,국토교통부,주택시장안정및주거복지향상,0
526,2019,국토교통부,주택시장안정및주거복지향상,111000
527,2019,인사혁신처,주택·시설운영및고객지원,397117000
528,2019,인사혁신처,주택·시설운영및고객지원,13129055
529,2019,인사혁신처,주택·시설운영및고객지원,12687691
530,2019,국토교통부,주택시장안정및주거복지향상,100184000
531,2019,국토교통부,주택시장안정및주거복지향상,22086000
532,2019,국토교통부,분양주택등지원,50000000
533,2019,국토교통부,주택시장안정및주거복지향상,4750
534,2019,인사혁신처,주택·시설운영및고객지원,0
535,2019,국토교통부,임대주택지원(출자),270940000
536,2019,국토교통부,주택시장안정및주거복지향상,157000
537,2019,국토교통부,주택시장안정및주거복지향상,0
538,2019,인사혁신처,주택·시설운영및고객지원,1705360
539,2019,국토교통부,임대주택지원(융자),1452512000
540,2019,국토교통부,주택시장안정및주거복지향상,11000
541,2019,인사혁신처,주택·시설운영및고객지원,421000
542,2019,인사혁신처,주택·시설운영및고객지원,0
543,2019,인사혁신처,주택·시설운영및고객지원,0
544,2019,국토교통부,주택시장안정및주거복지향상,118000
545,2019,인사혁신처,주택·시설운영및고객지원,548309
546,2019,국토교통부,임대주택지원(출자),1083760000
547,2019,국토교통부,주택시장안정및주거복지향상,10000
548,2019,인사혁신처,주택·시설운영및고객지원,927000
549,2019,인사혁신처,주택·시설운영및고객지원,0
550,2019,국토교통부,주택시장안정및주거복지향상,0
551,2019,국토교통부,주택시장안정및주거복지향상,0
552,2019,국토교통부,분양주택등지원,10000000
553,2019,국토교통부,주택시장안정및주거복지향상,0
554,2019,인사혁신처,주택·시설운영및고객지원,0
555,2019,국토교통부,주택시장안정및주거복지향상,6081000
556,2019,국토교통부,주택시장안정및주거복지향상,19505
557,2019,국토교통부,주택시장안정및주거복지향상,2000000
558,2019,인사혁신처,주택·시설운영및고객지원,0
559,2019,인사혁신처,주택·시설운영및고객지원,2559920
560,2019,국토교통부,주택시장안정및주거복지향상,766800000
561,2019,국토교통부,임대주택지원(출자),35743000
562,2019,인사혁신처,주택·시설운영및고객지원,2726000
563,2019,인사혁신처,주택·시설운영및고객지원,409437
564,2019,인사혁신처,주택·시설운영및고객지원,681702
565,2019,국토교통부,분양주택등지원,300531000
566,2019,인사혁신처,주택·시설운영및고객지원,1030000
567,2019,국토교통부,주택시장안정및주거복지향상,190287000
568,2019,국토교통부,주택시장안정및주거복지향상,1319600000
569,2019,국토교통부,임대주택지원(출자),266953000
570,2019,국토교통부,임대주택지원(출자),1311180000
571,2019,국토교통부,주택시장안정및주거복지향상,600000
572,2019,국토교통부,주택시장안정및주거복지향상,0
573,2019,국토교통부,주택시장안정및주거복지향상,29000
574,2019,인사혁신처,주택·시설운영및고객지원,0
575,2019,인사혁신처,주택·시설운영및고객지원,36969000
576,2019,국토교통부,주택시장안정및주거복지향상,1882000
577,2019,인사혁신처,주택·시설운영및고객지원,4008000
578,2019,국토교통부,임대주택지원(출자),66081000
579,2019,국토교통부,주택시장안정및주거복지향상,239000
580,2019,국토교통부,주택시장안정및주거복지향상,390000
581,2019,인사혁신처,주택·시설운영및고객지원,0
582,2019,인사혁신처,주택·시설운영및고객지원,0
583,2019,국토교통부,임대주택지원(융자),1593000000
584,2019,국토교통부,주택시장안정및주거복지향상,21350000
585,2019,국토교통부,주택시장안정및주거복지향상,0
586,2019,인사혁신처,주택·시설운영및고객지원,0
587,2019,국토교통부,임대주택지원(출자),241045000
588,2019,국토교통부,주택시장안정및주거복지향상,180000
589,2019,국토교통부,주택시장안정및주거복지향상,200000
590,2019,국토교통부,주택시장안정및주거복지향상,100000
591,2019,국토교통부,주택시장안정및주거복지향상,1780000
592,2019,인사혁신처,주택·시설운영및고객지원,1986000
593,2019,금융위원회,주택금융지원,90000000
594,2019,국토교통부,임대주택지원(융자),2907250000
595,2019,국토교통부,주택시장안정및주거복지향상,0
596,2019,인사혁신처,주택·시설운영및고객지원,788065
597,2019,인사혁신처,주택·시설운영및고객지원,8137959
598,2019,인사혁신처,주택·시설운영및고객지원,6223000
599,2019,인사혁신처,주택·시설운영및고객지원,0
600,2019,국토교통부,주택시장안정및주거복지향상,0
601,2019,국토교통부,주택시장안정및주거복지향상,143288000
602,2019,국토교통부,임대주택지원(융자),1544239000
603,2019,국토교통부,임대주택지원(융자),1326850000
604,2019,국토교통부,주택시장안정및주거복지향상,0
605,2019,인사혁신처,주택·시설운영및고객지원,5431585
606,2019,국토교통부,주택시장안정및주거복지향상,29208495
607,2019,인사혁신처,주택·시설운영및고객지원,2481000
608,2019,국토교통부,주택시장안정및주거복지향상,38000
609,2019,국토교통부,임대주택지원(출자),0
610,2019,국토교통부,임대주택지원(출자),0
611,2019,국토교통부,주택시장안정및주거복지향상,0
612,2019,인사혁신처,주택·시설운영및고객지원,64600
613,2019,인사혁신처,주택·시설운영및고객지원,0
614,2019,국토교통부,주택시장안정및주거복지향상,35000000
615,2019,국토교통부,임대주택지원(융자),795200000
616,2020,국토교통부,주택시장안정및주거복지향상,30481000
617,2020,국토교통부,임대주택지원(출자),342060000
618,2020,인사혁신처,주택·시설운영및고객지원,415671000
619,2020,국토교통부,임대주택지원(융자),815402000
620,2020,국토교통부,주택시장안정및주거복지향상,180000
621,2020,국토교통부,임대주택지원(출자),1368240000
622,2020,국토교통부,주택시장안정및주거복지향상,600000
623,2020,국토교통부,주택시장안정및주거복지향상,886800000
624,2020,인사혁신처,주택·시설운영및고객지원,5434000
625,2020,인사혁신처,주택·시설운영및고객지원,159000
626,2020,인사혁신처,주택·시설운영및고객지원,510000
627,2020,국토교통부,주택시장안정및주거복지향상,1929000
628,2020,국토교통부,임대주택지원(출자),550120000
629,2020,인사혁신처,주택·시설운영및고객지원,574000
630,2020,국토교통부,주택시장안정및주거복지향상,103250000
631,2020,인사혁신처,주택·시설운영및고객지원,48621000
632,2020,인사혁신처,주택·시설운영및고객지원,14524000
633,2020,국토교통부,주택시장안정및주거복지향상,21544
634,2020,국토교통부,임대주택지원(출자),319306000
635,2020,국토교통부,주택시장안정및주거복지향상,29000
636,2020,인사혁신처,주택·시설운영및고객지원,65000
637,2020,인사혁신처,주택·시설운영및고객지원,100000
638,2020,국토교통부,임대주택지원(융자),1907640000
639,2020,국토교통부,주택시장안정및주거복지향상,590000
640,2020,국토교통부,주택시장안정및주거복지향상,114108
641,2020,국토교통부,임대주택지원(출자),331723000
642,2020,국토교통부,주택시장안정및주거복지향상,5300
643,2020,국토교통부,주택시장안정및주거복지향상,18000000
644,2020,국토교통부,주택시장안정및주거복지향상,35981000
645,2020,인사혁신처,주택·시설운영및고객지원,3729000
646,2020,인사혁신처,주택·시설운영및고객지원,10000000
647,2020,인사혁신처,주택·시설운영및고객지원,1147000
648,2020,국토교통부,주택시장안정및주거복지향상,10622000
649,2020,국토교통부,주택시장안정및주거복지향상,2000000
650,2020,국토교통부,주택시장안정및주거복지향상,129000
651,2020,국토교통부,주택시장안정및주거복지향상,180000
652,2020,인사혁신처,주택·시설운영및고객지원,957000
653,2020,국토교통부,분양주택등지원,15000000
654,2020,국토교통부,임대주택지원(융자),1671273000
655,2020,국토교통부,주택시장안정및주거복지향상,694000
656,2020,국토교통부,주택시장안정및주거복지향상,892000
657,2020,국토교통부,분양주택등지원,270478000
658,2020,국토교통부,주택시장안정및주거복지향상,12760000
659,2020,국토교통부,주택시장안정및주거복지향상,250507000
660,2020,국토교통부,주택시장안정및주거복지향상,10000
661,2020,인사혁신처,주택·시설운영및고객지원,2622000
662,2020,국토교통부,임대주택지원(출자),453464000
663,2020,국토교통부,임대주택지원(출자),12900000
664,2020,국토교통부,주택시장안정및주거복지향상,90000
665,2020,인사혁신처,주택·시설운영및고객지원,10332000
666,2020,인사혁신처,주택·시설운영및고객지원,0
667,2020,인사혁신처,주택·시설운영및고객지원,817000
668,2020,국토교통부,분양주택등지원,0
669,2020,국토교통부,임대주택지원(융자),2087000000
670,2020,인사혁신처,주택·시설운영및고객지원,794000
671,2020,국토교통부,주택시장안정및주거복지향상,2392000
672,2020,국토교통부,주택시장안정및주거복지향상,22000
673,2020,인사혁신처,주택·시설운영및고객지원,2227000
674,2020,인사혁신처,주택·시설운영및고객지원,1698000
675,2020,인사혁신처,주택·시설운영및고객지원,948000
676,2020,인사혁신처,주택·시설운영및고객지원,508000
677,2020,국토교통부,주택시장안정및주거복지향상,0
678,2020,국토교통부,주택시장안정및주거복지향상,1524400000
679,2020,국토교통부,주택시장안정및주거복지향상,118000
680,2020,인사혁신처,주택·시설운영및고객지원,626000
681,2020,국토교통부,주택시장안정및주거복지향상,8700
682,2020,국토교통부,분양주택등지원,250000000
683,2020,인사혁신처,주택·시설운영및고객지원,5479000
684,2020,국토교통부,임대주택지원(출자),3702000
685,2020,국토교통부,분양주택등지원,9500000
686,2020,인사혁신처,주택·시설운영및고객지원,2650000
687,2020,인사혁신처,주택·시설운영및고객지원,12600000
688,2020,국토교통부,임대주택지원(출자),872752000
689,2020,국토교통부,주택시장안정및주거복지향상,0
690,2020,국토교통부,주택시장안정및주거복지향상,116411000
691,2020,국토교통부,임대주택지원(출자),44170000
692,2020,국토교통부,주택시장안정및주거복지향상,76000
693,2020,금융위원회,주택금융지원,0
694,2020,인사혁신처,주택·시설운영및고객지원,1776000
695,2020,국토교통부,임대주택지원(출자),114683000
696,2020,국토교통부,주택시장안정및주거복지향상,400
697,2020,국토교통부,주택시장안정및주거복지향상,6726000
698,2020,국토교통부,주택시장안정및주거복지향상,37000000
699,2020,인사혁신처,주택·시설운영및고객지원,65442000
700,2020,국토교통부,임대주택지원(융자),897212000
701,2020,국토교통부,임대주택지원(출자),114015000
702,2020,국토교통부,주택시장안정및주거복지향상,2084948
703,2020,인사혁신처,주택·시설운영및고객지원,0
704,2020,국토교통부,임대주택지원(융자),3873250000
705,2020,국토교통부,주택시장안정및주거복지향상,21350000
706,2020,국토교통부,임대주택지원(출자),0
707,2020,국토교통부,주택시장안정및주거복지향상,38000
708,2020,인사혁신처,주택·시설운영및고객지원,213000
709,2021,국토교통부,주택시장안정및주거복지향상,20490000
710,2021,인사혁신처,주택·시설운영및고객지원,590000
711,2021,인사혁신처,주택·시설운영및고객지원,11930000
712,2021,금융위원회,주택금융지원,50000000
713,2021,국토교통부,주택시장안정및주거복지향상,2658000
714,2021,국토교통부,주택시장안정및주거복지향상,400
715,2021,국토교통부,주택시장안정및주거복지향상,5338682
716,2021,국토교통부,주택시장안정및주거복지향상,0
717,2021,국토교통부,주택시장안정및주거복지향상,875800000
718,2021,국토교통부,주택시장안정및주거복지향상,11509000
719,2021,인사혁신처,주택·시설운영및고객지원,390983000
720,2021,국토교통부,임대주택지원(출자),174313000
721,2021,국토교통부,임대주택지원(출자),99141000
722,2021,국토교통부,주택시장안정및주거복지향상,0
723,2021,국토교통부,주택시장안정및주거복지향상,586000
724,2021,국토교통부,주택시장안정및주거복지향상,600000
725,2021,국토교통부,주택시장안정및주거복지향상,0
726,2021,국토교통부,임대주택지원(융자),827243000
727,2021,국토교통부,임대주택지원(출자),71907000
728,2021,국토교통부,주택시장안정및주거복지향상,12749000
729,2021,국토교통부,주택시장안정및주거복지향상,114746000
730,2021,국토교통부,주택시장안정및주거복지향상,0
731,2021,국토교통부,임대주택지원(융자),408362000
732,2021,인사혁신처,주택·시설운영및고객지원,11917000
733,2021,국토교통부,주택시장안정및주거복지향상,0
734,2021,인사혁신처,주택·시설운영및고객지원,20000000
735,2021,인사혁신처,주택·시설운영및고객지원,908000
736,2021,인사혁신처,주택·시설운영및고객지원,747000
737,2021,국토교통부,임대주택지원(출자),170862000
738,2021,국토교통부,분양주택등지원,478227000
739,2021,인사혁신처,주택·시설운영및고객지원,4973000
740,2021,국토교통부,주택시장안정및주거복지향상,8538000
741,2021,인사혁신처,주택·시설운영및고객지원,0
742,2021,국토교통부,주택시장안정및주거복지향상,0
743,2021,국토교통부,주택시장안정및주거복지향상,0
744,2021,국토교통부,주택시장안정및주거복지향상,19957000
745,2021,인사혁신처,주택·시설운영및고객지원,200000
746,2021,국토교통부,임대주택지원(융자),220000000
747,2021,인사혁신처,주택·시설운영및고객지원,2730000
748,2021,인사혁신처,주택·시설운영및고객지원,5232000
749,2021,국토교통부,임대주택지원(출자),308470000
750,2021,국토교통부,임대주택지원(출자),0
751,2021,국토교통부,주택시장안정및주거복지향상,0
752,2021,국토교통부,주택시장안정및주거복지향상,338758000
753,2021,국토교통부,주택시장안정및주거복지향상,9000
754,2021,인사혁신처,주택·시설운영및고객지원,1106233
755,2021,인사혁신처,주택·시설운영및고객지원,0
756,2021,국토교통부,주택시장안정및주거복지향상,1929000
757,2021,인사혁신처,주택·시설운영및고객지원,14641000
758,2021,인사혁신처,주택·시설운영및고객지원,100000
759,2021,국토교통부,분양주택등지원,3000000
760,2021,인사혁신처,주택·시설운영및고객지원,0
761,2021,국토교통부,임대주택지원(융자),92904000
762,2021,인사혁신처,주택·시설운영및고객지원,804000
763,2021,국토교통부,임대주택지원(출자),88438000
764,2021,국토교통부,주택시장안정및주거복지향상,0
765,2021,국토교통부,주택시장안정및주거복지향상,1100000
766,2021,국토교통부,주택시장안정및주거복지향상,1140800000
767,2021,국토교통부,주택시장안정및주거복지향상,131060
768,2021,인사혁신처,주택·시설운영및고객지원,0
769,2021,인사혁신처,주택·시설운영및고객지원,0
770,2021,국토교통부,임대주택지원(출자),1129911000
771,2021,국토교통부,주택시장안정및주거복지향상,0
772,2021,국토교통부,임대주택지원(융자),2113083000
773,2021,인사혁신처,주택·시설운영및고객지원,5349000
774,2021,인사혁신처,주택·시설운영및고객지원,493000
775,2021,국토교통부,임대주택지원(출자),453207000
776,2021,국토교통부,주택시장안정및주거복지향상,180000
777,2021,국토교통부,주택시장안정및주거복지향상,2000000
778,2021,국토교통부,임대주택지원(융자),1714750000
779,2021,국토교통부,임대주택지원(융자),4366250000
780,2021,인사혁신처,주택·시설운영및고객지원,64197000
781,2021,인사혁신처,주택·시설운영및고객지원,2621000
782,2021,국토교통부,주택시장안정및주거복지향상,29940
783,2021,국토교통부,임대주택지원(융자),3281000000
784,2021,인사혁신처,주택·시설운영및고객지원,49509000
785,2021,인사혁신처,주택·시설운영및고객지원,193000
786,2021,국토교통부,임대주택지원(출자),315922000
787,2021,국토교통부,주택시장안정및주거복지향상,2555000
788,2021,국토교통부,주택시장안정및주거복지향상,22205
789,2021,국토교통부,주택시장안정및주거복지향상,48309000
790,2021,인사혁신처,주택·시설운영및고객지원,2598000
791,2021,국토교통부,임대주택지원(출자),2189530000
792,2021,국토교통부,임대주택지원(출자),30818000
793,2021,국토교통부,주택시장안정및주거복지향상,32353000
794,2021,국토교통부,주택시장안정및주거복지향상,22000
795,2021,국토교통부,주택시장안정및주거복지향상,180000
796,2021,인사혁신처,주택·시설운영및고객지원,91000
797,2021,인사혁신처,주택·시설운영및고객지원,5433000
798,2021,인사혁신처,주택·시설운영및고객지원,7061000
799,2021,국토교통부,주택시장안정및주거복지향상,90000
800,2021,인사혁신처,주택·시설운영및고객지원,1721000
801,2021,국토교통부,임대주택지원(출자),48613000
802,2021,국토교통부,주택시장안정및주거복지향상,889000
803,2021,인사혁신처,주택·시설운영및고객지원,3267000
804,2021,국토교통부,임대주택지원(출자),306060000
805,2021,인사혁신처,주택·시설운영및고객지원,0
806,2021,국토교통부,주택시장안정및주거복지향상,115713
807,2021,국토교통부,주택시장안정및주거복지향상,0
808,2021,국토교통부,주택시장안정및주거복지향상,178787000
809,2021,국토교통부,분양주택등지원,9500000
810,2021,인사혁신처,주택·시설운영및고객지원,700000
811,2021,국토교통부,임대주택지원(출자),938370000
812,2021,인사혁신처,주택·시설운영및고객지원,1134767
