"","FSCL_YY","OFFC_NM","PGM_NM","Y_YY_DFN_MEDI_KCUR_AMT"
"1","2013","중소기업청","중소기업수출촉진지원","96000"
"2","2013","중소기업청","중소기업수출촉진지원","134349"
"3","2013","중소기업청","중소기업수출촉진지원","7600"
"4","2013","중소기업청","중소기업기술개발지원","131361000"
"5","2013","중소기업청","중소기업수출촉진지원","50000"
"6","2013","중소기업청","중소기업수출촉진지원","18948000"
"7","2013","중소기업청","중소기업수출촉진지원","10690000"
"8","2013","중소기업청","중소기업수출촉진지원","600000"
"9","2013","중소기업청","중소기업수출촉진지원","5984786"
"10","2013","중소기업청","중소기업수출촉진지원","416000"
"11","2013","중소기업청","중소기업수출촉진지원","10000"
"12","2013","중소기업청","중소기업수출촉진지원","15000"
"13","2013","중소기업청","중소기업수출촉진지원","5600"
"14","2013","중소기업청","중소기업성장안정지원","7500000"
"15","2013","중소기업청","중소기업수출촉진지원","30000"
"16","2013","공정거래위원회","중소기업 경쟁여건 개선","85000"
"17","2013","중소기업청","중소기업수출촉진지원","33600"
"18","2013","중소기업청","중소기업기술개발지원","18379000"
"19","2013","공정거래위원회","중소기업 경쟁여건 개선","79000"
"20","2013","공정거래위원회","중소기업 경쟁여건 개선","5000"
"21","2013","중소기업청","중소기업수출촉진지원","430000"
"22","2013","중소기업청","중소기업수출촉진지원","1281000"
"23","2013","중소기업청","중소기업수출촉진지원","7200"
"24","2013","중소기업청","중소기업수출촉진지원","255000"
"25","2013","중소기업청","중소기업수출촉진지원","24736"
"26","2013","공정거래위원회","중소기업 경쟁여건 개선","180000"
"27","2013","중소기업청","중소기업수출촉진지원","30000"
"28","2013","공정거래위원회","중소기업 경쟁여건 개선","23000"
"29","2013","중소기업청","중소기업수출촉진지원","736354"
"30","2013","중소기업청","중소기업기술개발지원","8500000"
"31","2013","중소기업청","중소기업기술개발지원","300000000"
"32","2013","중소기업청","중소기업수출촉진지원","9000"
"33","2013","중소기업청","중소기업수출촉진지원","13000"
"34","2013","중소기업청","중소기업성장안정지원","1792000"
"35","2013","중소기업청","중소기업성장안정지원","181000"
"36","2013","중소기업청","중소기업수출촉진지원","2049200"
"37","2013","중소기업청","중소기업수출촉진지원","15214"
"38","2013","중소기업청","중소기업성장안정지원","42000"
"39","2013","중소기업청","중소기업수출촉진지원","464459"
"40","2013","중소기업청","중소기업수출촉진지원","15000"
"41","2013","중소기업청","중소기업수출촉진지원","4000"
"42","2013","중소기업청","중소기업수출촉진지원","90400"
"43","2013","중소기업청","중소기업성장안정지원","100000"
"44","2013","중소기업청","중소기업수출촉진지원","3800"
"45","2013","중소기업청","중소기업수출촉진지원","5000"
"46","2013","공정거래위원회","중소기업 경쟁여건 개선","25000"
"47","2013","중소기업청","중소기업수출촉진지원","1700"
"48","2013","중소기업청","중소기업수출촉진지원","203541"
"49","2013","중소기업청","중소기업수출촉진지원","30000"
"50","2013","중소기업청","중소기업성장안정지원","102000"
"51","2013","중소기업청","중소기업기술개발지원","78160000"
"52","2013","중소기업청","중소기업수출촉진지원","31400"
"53","2013","중소기업청","중소기업수출촉진지원","145000"
"54","2013","공정거래위원회","중소기업 경쟁여건 개선","100000"
"55","2013","공정거래위원회","중소기업 경쟁여건 개선","27000"
"56","2013","중소기업청","중소기업성장안정지원","100000"
"57","2013","중소기업청","중소기업성장안정지원","547000"
"58","2013","중소기업청","중소기업성장안정지원","3000"
"59","2013","중소기업청","중소기업성장안정지원","12000"
"60","2013","중소기업청","중소기업수출촉진지원","26000"
"61","2013","공정거래위원회","중소기업 경쟁여건 개선","653800"
"62","2013","중소기업청","중소기업수출촉진지원","5800"
"63","2013","중소기업청","중소기업수출촉진지원","30000"
"64","2013","중소기업청","중소기업기술개발지원","5500000"
"65","2013","중소기업청","중소기업기술개발지원","138878000"
"66","2013","공정거래위원회","중소기업 경쟁여건 개선","30000"
"67","2013","중소기업청","중소기업성장안정지원","3722000"
"68","2013","중소기업청","중소기업수출촉진지원","2000"
"69","2013","중소기업청","중소기업성장안정지원","95000000"
"70","2013","중소기업청","중소기업성장안정지원","50000000"
"71","2013","중소기업청","중소기업수출촉진지원","6975000"
"72","2013","중소기업청","중소기업신용보증지원","110000000"
"73","2013","공정거래위원회","중소기업 경쟁여건 개선","36000"
"74","2013","공정거래위원회","중소기업 경쟁여건 개선","31000"
"75","2013","중소기업청","중소기업신용보증지원","118000000"
"76","2013","중소기업청","중소기업기술개발지원","116593000"
"77","2013","중소기업청","중소기업수출촉진지원","30000"
"78","2013","중소기업청","중소기업수출촉진지원","12000"
"79","2013","중소기업청","중소기업수출촉진지원","909000"
"80","2013","공정거래위원회","중소기업 경쟁여건 개선","20000"
"81","2013","중소기업청","중소기업신용보증지원","216888000"
"82","2013","중소기업청","중소기업성장안정지원","1039000"
"83","2013","중소기업청","중소기업성장안정지원","150000000"
"84","2013","공정거래위원회","중소기업 경쟁여건 개선","7200"
"85","2013","중소기업청","중소기업성장안정지원","3200000"
"86","2013","중소기업청","중소기업수출촉진지원","39963000"
"87","2013","공정거래위원회","중소기업 경쟁여건 개선","144000"
"88","2013","중소기업청","중소기업수출촉진지원","712961"
"89","2013","중소기업청","중소기업신용보증지원","100000000"
"90","2013","중소기업청","중소기업성장안정지원","10000"
"91","2013","중소기업청","중소기업수출촉진지원","20000"
"92","2013","중소기업청","중소기업성장안정지원","635000000"
"93","2013","중소기업청","중소기업수출촉진지원","61750"
"94","2013","중소기업청","중소기업기술개발지원","41503000"
"95","2013","중소기업청","중소기업수출촉진지원","230000"
"96","2013","공정거래위원회","중소기업 경쟁여건 개선","18000"
"97","2013","중소기업청","중소기업수출촉진지원","100600"
"98","2013","중소기업청","중소기업수출촉진지원","29400"
"99","2013","중소기업청","중소기업수출촉진지원","6000"
"100","2013","중소기업청","중소기업기술개발지원","244823000"
"101","2013","중소기업청","중소기업수출촉진지원","0"
"102","2013","중소기업청","중소기업수출촉진지원","6650"
"103","2013","공정거래위원회","중소기업 경쟁여건 개선","144000"
"104","2013","중소기업청","중소기업수출촉진지원","30900"
"105","2014","중소기업청","중소기업신용보증지원","150000000"
"106","2014","중소기업청","중소기업성장안정지원","100000"
"107","2014","중소기업청","중소기업기술개발지원","350000000"
"108","2014","중소기업청","중소기업수출촉진지원","30000"
"109","2014","중소기업청","중소기업수출촉진지원","2000"
"110","2014","중소기업청","중소기업수출촉진지원","1421000"
"111","2014","공정거래위원회","중소기업 경쟁여건 개선","31000"
"112","2014","중소기업청","중소기업성장안정지원","1039000"
"113","2014","중소기업청","중소기업성장안정지원","835000000"
"114","2014","중소기업청","중소기업기술개발지원","145822000"
"115","2014","중소기업청","중소기업수출촉진지원","55000"
"116","2014","공정거래위원회","중소기업 경쟁여건 개선","24800"
"117","2014","중소기업청","중소기업성장안정지원","782000"
"118","2014","중소기업청","중소기업기술개발지원","141361000"
"119","2014","중소기업청","중소기업수출촉진지원","440000"
"120","2014","중소기업청","중소기업수출촉진지원","96000"
"121","2014","중소기업청","중소기업수출촉진지원","30000"
"122","2014","공정거래위원회","중소기업 경쟁여건 개선","78500"
"123","2014","공정거래위원회","중소기업 경쟁여건 개선","7200"
"124","2014","중소기업청","중소기업성장안정지원","3516000"
"125","2014","중소기업청","중소기업수출촉진지원","350000"
"126","2014","중소기업청","중소기업수출촉진지원","770354"
"127","2014","중소기업청","중소기업수출촉진지원","918000"
"128","2014","중소기업청","중소기업수출촉진지원","49600"
"129","2014","중소기업청","중소기업수출촉진지원","5800"
"130","2014","중소기업청","중소기업성장안정지원","100000000"
"131","2014","중소기업청","중소기업수출촉진지원","70750"
"132","2014","중소기업청","중소기업수출촉진지원","1700"
"133","2014","중소기업청","중소기업수출촉진지원","13966"
"134","2014","중소기업청","중소기업수출촉진지원","762761"
"135","2014","공정거래위원회","중소기업 경쟁여건 개선","180000"
"136","2014","중소기업청","중소기업성장안정지원","3000"
"137","2014","중소기업청","중소기업기술개발지원","4132000"
"138","2014","공정거래위원회","중소기업 경쟁여건 개선","144000"
"139","2014","중소기업청","중소기업수출촉진지원","10000"
"140","2014","중소기업청","중소기업수출촉진지원","203541"
"141","2014","중소기업청","중소기업수출촉진지원","30000"
"142","2014","중소기업청","중소기업수출촉진지원","15000"
"143","2014","중소기업청","중소기업신용보증지원","102200000"
"144","2014","중소기업청","중소기업신용보증지원","89400000"
"145","2014","공정거래위원회","중소기업 경쟁여건 개선","493000"
"146","2014","중소기업청","중소기업성장안정지원","0"
"147","2014","중소기업청","중소기업기술개발지원","30003000"
"148","2014","중소기업청","중소기업기술개발지원","247003000"
"149","2014","중소기업청","중소기업수출촉진지원","145500"
"150","2014","중소기업청","중소기업수출촉진지원","18948000"
"151","2014","중소기업청","중소기업수출촉진지원","15000"
"152","2014","중소기업청","중소기업수출촉진지원","255000"
"153","2014","공정거래위원회","중소기업 경쟁여건 개선","85000"
"154","2014","중소기업청","중소기업성장안정지원","373000"
"155","2014","중소기업청","중소기업성장안정지원","0"
"156","2014","중소기업청","중소기업수출촉진지원","12760"
"157","2014","중소기업청","중소기업수출촉진지원","464659"
"158","2014","중소기업청","중소기업수출촉진지원","6000"
"159","2014","중소기업청","중소기업수출촉진지원","15650"
"160","2014","중소기업청","중소기업수출촉진지원","12000"
"161","2014","중소기업청","중소기업성장안정지원","12000"
"162","2014","중소기업청","중소기업기술개발지원","133621000"
"163","2014","중소기업청","중소기업수출촉진지원","8039000"
"164","2014","중소기업청","중소기업성장안정지원","10000"
"165","2014","중소기업청","중소기업성장안정지원","150000000"
"166","2014","중소기업청","중소기업수출촉진지원","27540"
"167","2014","중소기업청","중소기업수출촉진지원","100600"
"168","2014","중소기업청","중소기업성장안정지원","480000"
"169","2014","중소기업청","중소기업기술개발지원","5500000"
"170","2014","중소기업청","중소기업기술개발지원","10500000"
"171","2014","중소기업청","중소기업수출촉진지원","7200"
"172","2014","공정거래위원회","중소기업 경쟁여건 개선","21550"
"173","2014","중소기업청","중소기업수출촉진지원","13260000"
"174","2014","중소기업청","중소기업수출촉진지원","86497"
"175","2014","공정거래위원회","중소기업 경쟁여건 개선","15500"
"176","2014","공정거래위원회","중소기업 경쟁여건 개선","19820"
"177","2014","중소기업청","중소기업수출촉진지원","4000"
"178","2014","중소기업청","중소기업수출촉진지원","0"
"179","2014","중소기업청","중소기업수출촉진지원","11700"
"180","2014","중소기업청","중소기업수출촉진지원","3800"
"181","2014","공정거래위원회","중소기업 경쟁여건 개선","14000"
"182","2014","중소기업청","중소기업수출촉진지원","24000"
"183","2014","중소기업청","중소기업수출촉진지원","238500"
"184","2014","중소기업청","중소기업수출촉진지원","2475000"
"185","2014","중소기업청","중소기업수출촉진지원","101000"
"186","2014","중소기업청","중소기업기술개발지원","83989000"
"187","2014","공정거래위원회","중소기업 경쟁여건 개선","18000"
"188","2014","중소기업청","중소기업신용보증지원","54800000"
"189","2014","중소기업청","중소기업수출촉진지원","5000"
"190","2014","중소기업청","중소기업성장안정지원","4704000"
"191","2014","중소기업청","중소기업수출촉진지원","477852"
"192","2014","공정거래위원회","중소기업 경쟁여건 개선","30000"
"193","2014","공정거래위원회","중소기업 경쟁여건 개선","23000"
"194","2014","중소기업청","중소기업수출촉진지원","31400"
"195","2014","중소기업청","중소기업성장안정지원","102000"
"196","2014","중소기업청","중소기업수출촉진지원","24736"
"197","2014","중소기업청","중소기업수출촉진지원","90400"
"198","2014","공정거래위원회","중소기업 경쟁여건 개선","144000"
"199","2014","공정거래위원회","중소기업 경쟁여건 개선","5450"
"200","2014","공정거래위원회","중소기업 경쟁여건 개선","34180"
"201","2014","중소기업청","중소기업수출촉진지원","30000"
"202","2014","중소기업청","중소기업기술개발지원","16541000"
"203","2014","중소기업청","중소기업수출촉진지원","49500000"
"204","2014","중소기업청","중소기업수출촉진지원","5626034"
"205","2014","중소기업청","중소기업수출촉진지원","33600"
"206","2014","중소기업청","중소기업수출촉진지원","5600"
"207","2014","중소기업청","중소기업수출촉진지원","29400"
"208","2014","중소기업청","중소기업성장안정지원","278000"
"209","2014","중소기업청","중소기업성장안정지원","15000000"
"210","2014","중소기업청","중소기업수출촉진지원","29100"
"211","2014","중소기업청","중소기업수출촉진지원","84000"
"212","2014","공정거래위원회","중소기업 경쟁여건 개선","2000"
"213","2014","공정거래위원회","중소기업 경쟁여건 개선","50000"
"214","2015","중소기업청","중소기업수출촉진지원","1400"
"215","2015","중소기업청","중소기업기술개발지원","6000000"
"216","2015","공정거래위원회","중소기업 경쟁여건 개선","91000"
"217","2015","중소기업청","중소기업성장안정지원","98400"
"218","2015","중소기업청","중소기업기술개발지원","0"
"219","2015","중소기업청","중소기업기술개발지원","0"
"220","2015","중소기업청","중소기업수출촉진지원","685000"
"221","2015","중소기업청","중소기업수출촉진지원","82000"
"222","2015","공정거래위원회","중소기업 경쟁여건 개선","35900"
"223","2015","중소기업청","중소기업수출촉진지원","29100"
"224","2015","중소기업청","중소기업기술개발지원","68530000"
"225","2015","중소기업청","중소기업기술개발지원","0"
"226","2015","중소기업청","중소기업수출촉진지원","30000"
"227","2015","중소기업청","중소기업수출촉진지원","30000"
"228","2015","중소기업청","중소기업수출촉진지원","125200"
"229","2015","공정거래위원회","중소기업 경쟁여건 개선","30000"
"230","2015","중소기업청","중소기업기술개발지원","3000000"
"231","2015","중소기업청","중소기업기술개발지원","1300000"
"232","2015","중소기업청","중소기업수출촉진지원","56000"
"233","2015","중소기업청","중소기업수출촉진지원","204000"
"234","2015","중소기업청","중소기업기술개발지원","3000000"
"235","2015","중소기업청","중소기업수출촉진지원","5600"
"236","2015","중소기업청","중소기업성장안정지원","42000"
"237","2015","중소기업청","중소기업수출촉진지원","1364350"
"238","2015","중소기업청","중소기업수출촉진지원","255000"
"239","2015","중소기업청","중소기업기술개발지원","158620000"
"240","2015","중소기업청","중소기업수출촉진지원","4000"
"241","2015","중소기업청","중소기업기술개발지원","0"
"242","2015","중소기업청","중소기업성장안정지원","3100000"
"243","2015","중소기업청","중소기업수출촉진지원","68500000"
"244","2015","중소기업청","중소기업수출촉진지원","350000"
"245","2015","중소기업청","중소기업수출촉진지원","0"
"246","2015","중소기업청","중소기업수출촉진지원","95000"
"247","2015","중소기업청","중소기업기술개발지원","1400000"
"248","2015","중소기업청","중소기업수출촉진지원","500241"
"249","2015","중소기업청","중소기업수출촉진지원","870000"
"250","2015","중소기업청","중소기업수출촉진지원","6000"
"251","2015","공정거래위원회","중소기업 경쟁여건 개선","30000"
"252","2015","중소기업청","중소기업성장안정지원","26000"
"253","2015","중소기업청","중소기업기술개발지원","262000000"
"254","2015","중소기업청","중소기업기술개발지원","940000"
"255","2015","중소기업청","중소기업수출촉진지원","2634000"
"256","2015","중소기업청","중소기업성장안정지원","3000"
"257","2015","공정거래위원회","중소기업 경쟁여건 개선","180000"
"258","2015","공정거래위원회","중소기업 경쟁여건 개선","12310"
"259","2015","중소기업청","중소기업수출촉진지원","30000"
"260","2015","공정거래위원회","중소기업 경쟁여건 개선","18014"
"261","2015","공정거래위원회","중소기업 경쟁여건 개선","5000"
"262","2015","중소기업청","중소기업기술개발지원","162360000"
"263","2015","중소기업청","중소기업수출촉진지원","33000"
"264","2015","공정거래위원회","중소기업 경쟁여건 개선","7000"
"265","2015","중소기업청","중소기업성장안정지원","260000"
"266","2015","중소기업청","중소기업수출촉진지원","24000"
"267","2015","중소기업청","중소기업기술개발지원","0"
"268","2015","공정거래위원회","중소기업 경쟁여건 개선","0"
"269","2015","공정거래위원회","중소기업 경쟁여건 개선","23690"
"270","2015","중소기업청","중소기업기술개발지원","9000000"
"271","2015","중소기업청","중소기업수출촉진지원","16460000"
"272","2015","중소기업청","중소기업수출촉진지원","25000"
"273","2015","공정거래위원회","중소기업 경쟁여건 개선","154900"
"274","2015","공정거래위원회","중소기업 경쟁여건 개선","17000"
"275","2015","공정거래위원회","중소기업 경쟁여건 개선","45000"
"276","2015","중소기업청","중소기업기술개발지원","2000000"
"277","2015","중소기업청","중소기업수출촉진지원","103646"
"278","2015","중소기업청","중소기업수출촉진지원","12800"
"279","2015","중소기업청","중소기업수출촉진지원","70750"
"280","2015","중소기업청","중소기업성장안정지원","1027000000"
"281","2015","중소기업청","중소기업기술개발지원","152003000"
"282","2015","중소기업청","중소기업수출촉진지원","10000"
"283","2015","중소기업청","중소기업성장안정지원","4947000"
"284","2015","공정거래위원회","중소기업 경쟁여건 개선","19986"
"285","2015","중소기업청","중소기업신용보증지원","50000000"
"286","2015","중소기업청","중소기업성장안정지원","254372"
"287","2015","중소기업청","중소기업기술개발지원","5740000"
"288","2015","중소기업청","중소기업기술개발지원","30000"
"289","2015","중소기업청","중소기업성장안정지원","529500"
"290","2015","중소기업청","중소기업수출촉진지원","153000"
"291","2015","중소기업청","중소기업수출촉진지원","101000"
"292","2015","중소기업청","중소기업수출촉진지원","90000"
"293","2015","중소기업청","중소기업수출촉진지원","115000"
"294","2015","공정거래위원회","중소기업 경쟁여건 개선","33100"
"295","2015","중소기업청","중소기업수출촉진지원","4200"
"296","2015","중소기업청","중소기업기술개발지원","5000"
"297","2015","중소기업청","중소기업신용보증지원","50000000"
"298","2015","중소기업청","중소기업성장안정지원","100000000"
"299","2015","중소기업청","중소기업기술개발지원","300000000"
"300","2015","중소기업청","중소기업기술개발지원","2700000"
"301","2015","중소기업청","중소기업기술개발지원","2300000"
"302","2015","중소기업청","중소기업기술개발지원","300000"
"303","2015","중소기업청","중소기업수출촉진지원","390000"
"304","2015","중소기업청","중소기업기술개발지원","0"
"305","2015","중소기업청","중소기업수출촉진지원","101000"
"306","2015","중소기업청","중소기업수출촉진지원","11250"
"307","2015","공정거래위원회","중소기업 경쟁여건 개선","123000"
"308","2015","중소기업청","중소기업성장안정지원","100000000"
"309","2015","중소기업청","중소기업수출촉진지원","1021113"
"310","2015","공정거래위원회","중소기업 경쟁여건 개선","78100"
"311","2015","공정거래위원회","중소기업 경쟁여건 개선","2000"
"312","2015","중소기업청","중소기업성장안정지원","1072728"
"313","2015","중소기업청","중소기업수출촉진지원","16650"
"314","2015","중소기업청","중소기업수출촉진지원","0"
"315","2015","중소기업청","중소기업기술개발지원","1470000"
"316","2015","중소기업청","중소기업기술개발지원","120000"
"317","2015","중소기업청","중소기업수출촉진지원","70000"
"318","2015","공정거래위원회","중소기업 경쟁여건 개선","20000"
"319","2015","중소기업청","중소기업기술개발지원","31160000"
"320","2015","중소기업청","중소기업기술개발지원","0"
"321","2015","중소기업청","중소기업수출촉진지원","34000"
"322","2015","중소기업청","중소기업수출촉진지원","969000"
"323","2015","중소기업청","중소기업성장안정지원","100000"
"324","2015","중소기업청","중소기업수출촉진지원","4466000"
"325","2015","공정거래위원회","중소기업 경쟁여건 개선","3000"
"326","2015","중소기업청","중소기업수출촉진지원","53003"
"327","2015","중소기업청","중소기업수출촉진지원","12000"
"328","2015","중소기업청","중소기업신용보증지원","28500000"
"329","2015","중소기업청","중소기업수출촉진지원","30000"
"330","2015","중소기업청","중소기업기술개발지원","18000"
"331","2015","중소기업청","중소기업신용보증지원","103833000"
"332","2015","공정거래위원회","중소기업 경쟁여건 개선","493000"
"333","2015","중소기업청","중소기업수출촉진지원","15000"
"334","2015","중소기업청","중소기업수출촉진지원","1700"
"335","2015","중소기업청","중소기업기술개발지원","0"
"336","2015","중소기업청","중소기업수출촉진지원","20997"
"337","2015","중소기업청","중소기업수출촉진지원","39522000"
"338","2015","중소기업청","중소기업수출촉진지원","84000"
"339","2015","중소기업청","중소기업성장안정지원","13028000"
"340","2015","중소기업청","중소기업기술개발지원","1620000"
"341","2015","중소기업청","중소기업기술개발지원","130000"
"342","2015","중소기업청","중소기업수출촉진지원","115400"
"343","2015","중소기업청","중소기업성장안정지원","0"
"344","2015","공정거래위원회","중소기업 경쟁여건 개선","20000"
"345","2015","중소기업청","중소기업수출촉진지원","2829600"
"346","2015","중소기업청","중소기업기술개발지원","0"
"347","2015","중소기업청","중소기업수출촉진지원","257000"
"348","2015","중소기업청","중소기업수출촉진지원","415000"
"349","2015","중소기업청","중소기업신용보증지원","36000000"
"350","2015","중소기업청","중소기업수출촉진지원","12000"
"351","2015","중소기업청","중소기업기술개발지원","5500000"
"352","2015","중소기업청","중소기업기술개발지원","16540000"
"353","2015","중소기업청","중소기업기술개발지원","0"
"354","2015","공정거래위원회","중소기업 경쟁여건 개선","5000"
"355","2015","공정거래위원회","중소기업 경쟁여건 개선","0"
"356","2016","중소기업청","중소기업성장안정지원","155000000"
"357","2016","중소기업청","중소기업성장안정지원","1150000000"
"358","2016","중소기업청","중소기업성장안정지원","3952000"
"359","2016","중소기업청","중소기업수출촉진지원","95000"
"360","2016","중소기업청","중소기업기술개발지원","138236000"
"361","2016","중소기업청","중소기업수출촉진지원","61572000"
"362","2016","중소기업청","중소기업수출촉진지원","23000"
"363","2016","중소기업청","중소기업수출촉진지원","390000"
"364","2016","중소기업청","중소기업기술개발지원","43000"
"365","2016","중소기업청","중소기업기술개발지원","20000"
"366","2016","중소기업청","중소기업기술개발지원","90000"
"367","2016","중소기업청","중소기업수출촉진지원","103400"
"368","2016","중소기업청","중소기업수출촉진지원","34000"
"369","2016","중소기업청","중소기업수출촉진지원","2634000"
"370","2016","공정거래위원회","중소기업 경쟁여건 개선","0"
"371","2016","공정거래위원회","중소기업 경쟁여건 개선","32000"
"372","2016","중소기업청","중소기업기술개발지원","2300000"
"373","2016","중소기업청","중소기업기술개발지원","1410000"
"374","2016","중소기업청","중소기업기술개발지원","0"
"375","2016","중소기업청","중소기업수출촉진지원","35000"
"376","2016","중소기업청","중소기업수출촉진지원","255000"
"377","2016","중소기업청","중소기업기술개발지원","30000"
"378","2016","공정거래위원회","중소기업 경쟁여건 개선","0"
"379","2016","중소기업청","중소기업기술개발지원","188811000"
"380","2016","중소기업청","중소기업수출촉진지원","70000"
"381","2016","공정거래위원회","중소기업 경쟁여건 개선","120000"
"382","2016","공정거래위원회","중소기업 경쟁여건 개선","0"
"383","2016","중소기업청","중소기업신용보증지원","50000000"
"384","2016","중소기업청","중소기업수출촉진지원","11250"
"385","2016","중소기업청","중소기업기술개발지원","0"
"386","2016","중소기업청","중소기업수출촉진지원","1040511"
"387","2016","중소기업청","중소기업수출촉진지원","0"
"388","2016","중소기업청","중소기업수출촉진지원","138000"
"389","2016","중소기업청","중소기업수출촉진지원","25000"
"390","2016","공정거래위원회","중소기업 경쟁여건 개선","0"
"391","2016","중소기업청","중소기업성장안정지원","315000"
"392","2016","중소기업청","중소기업수출촉진지원","82000"
"393","2016","중소기업청","중소기업기술개발지원","90558000"
"394","2016","중소기업청","중소기업기술개발지원","0"
"395","2016","중소기업청","중소기업기술개발지원","0"
"396","2016","중소기업청","중소기업기술개발지원","0"
"397","2016","중소기업청","중소기업수출촉진지원","90000"
"398","2016","중소기업청","중소기업수출촉진지원","98000"
"399","2016","공정거래위원회","중소기업 경쟁여건 개선","204490"
"400","2016","공정거래위원회","중소기업 경쟁여건 개선","16000"
"401","2016","중소기업청","중소기업수출촉진지원","84000"
"402","2016","중소기업청","중소기업성장안정지원","281000"
"403","2016","중소기업청","중소기업수출촉진지원","30000"
"404","2016","중소기업청","중소기업기술개발지원","350000000"
"405","2016","중소기업청","중소기업기술개발지원","0"
"406","2016","중소기업청","중소기업수출촉진지원","9600"
"407","2016","중소기업청","중소기업수출촉진지원","595000"
"408","2016","공정거래위원회","중소기업 경쟁여건 개선","185881"
"409","2016","중소기업청","중소기업성장안정지원","514800"
"410","2016","중소기업청","중소기업수출촉진지원","15000"
"411","2016","중소기업청","중소기업수출촉진지원","24000"
"412","2016","중소기업청","중소기업기술개발지원","0"
"413","2016","중소기업청","중소기업기술개발지원","0"
"414","2016","중소기업청","중소기업기술개발지원","1307000"
"415","2016","공정거래위원회","중소기업 경쟁여건 개선","0"
"416","2016","중소기업청","중소기업신용보증지원","0"
"417","2016","중소기업청","중소기업수출촉진지원","0"
"418","2016","중소기업청","중소기업수출촉진지원","5400000"
"419","2016","중소기업청","중소기업수출촉진지원","16650"
"420","2016","중소기업청","중소기업성장안정지원","6515000"
"421","2016","중소기업청","중소기업기술개발지원","18674000"
"422","2016","중소기업청","중소기업기술개발지원","12000"
"423","2016","공정거래위원회","중소기업 경쟁여건 개선","26000"
"424","2016","중소기업청","중소기업성장안정지원","100000"
"425","2016","중소기업청","중소기업기술개발지원","0"
"426","2016","중소기업청","중소기업기술개발지원","0"
"427","2016","중소기업청","중소기업기술개발지원","0"
"428","2016","공정거래위원회","중소기업 경쟁여건 개선","0"
"429","2016","공정거래위원회","중소기업 경쟁여건 개선","0"
"430","2016","중소기업청","중소기업기술개발지원","0"
"431","2016","공정거래위원회","중소기업 경쟁여건 개선","30000"
"432","2016","중소기업청","중소기업신용보증지원","0"
"433","2016","중소기업청","중소기업성장안정지원","150000000"
"434","2016","중소기업청","중소기업기술개발지원","2770000"
"435","2016","중소기업청","중소기업수출촉진지원","56000"
"436","2016","공정거래위원회","중소기업 경쟁여건 개선","1182000"
"437","2016","공정거래위원회","중소기업 경쟁여건 개선","10844"
"438","2016","중소기업청","중소기업성장안정지원","300000"
"439","2016","중소기업청","중소기업수출촉진지원","0"
"440","2016","중소기업청","중소기업기술개발지원","0"
"441","2016","중소기업청","중소기업기술개발지원","4000000"
"442","2016","중소기업청","중소기업기술개발지원","0"
"443","2016","중소기업청","중소기업기술개발지원","0"
"444","2016","중소기업청","중소기업성장안정지원","7000"
"445","2016","중소기업청","중소기업수출촉진지원","6000"
"446","2016","중소기업청","중소기업기술개발지원","0"
"447","2016","중소기업청","중소기업수출촉진지원","0"
"448","2016","중소기업청","중소기업수출촉진지원","20997"
"449","2016","공정거래위원회","중소기업 경쟁여건 개선","3000"
"450","2016","공정거래위원회","중소기업 경쟁여건 개선","0"
"451","2016","중소기업청","중소기업수출촉진지원","33100"
"452","2016","중소기업청","중소기업기술개발지원","0"
"453","2016","중소기업청","중소기업기술개발지원","5700000"
"454","2016","중소기업청","중소기업기술개발지원","0"
"455","2016","공정거래위원회","중소기업 경쟁여건 개선","0"
"456","2016","중소기업청","중소기업기술개발지원","37714000"
"457","2016","중소기업청","중소기업기술개발지원","0"
"458","2016","중소기업청","중소기업수출촉진지원","5600"
"459","2016","중소기업청","중소기업성장안정지원","5989200"
"460","2016","중소기업청","중소기업기술개발지원","0"
"461","2016","중소기업청","중소기업신용보증지원","50000000"
"462","2016","중소기업청","중소기업성장안정지원","1173000"
"463","2016","중소기업청","중소기업수출촉진지원","30000"
"464","2016","중소기업청","중소기업수출촉진지원","2938400"
"465","2016","중소기업청","중소기업기술개발지원","0"
"466","2016","중소기업청","중소기업기술개발지원","0"
"467","2016","중소기업청","중소기업수출촉진지원","10000"
"468","2016","중소기업청","중소기업수출촉진지원","204000"
"469","2016","공정거래위원회","중소기업 경쟁여건 개선","0"
"470","2016","중소기업청","중소기업성장안정지원","0"
"471","2016","중소기업청","중소기업수출촉진지원","70750"
"472","2016","중소기업청","중소기업기술개발지원","141950000"
"473","2016","중소기업청","중소기업기술개발지원","226014000"
"474","2016","공정거래위원회","중소기업 경쟁여건 개선","0"
"475","2016","중소기업청","중소기업수출촉진지원","115400"
"476","2016","중소기업청","중소기업수출촉진지원","125200"
"477","2016","중소기업청","중소기업기술개발지원","0"
"478","2016","중소기업청","중소기업수출촉진지원","255489"
"479","2016","중소기업청","중소기업수출촉진지원","870000"
"480","2016","공정거래위원회","중소기업 경쟁여건 개선","0"
"481","2016","중소기업청","중소기업수출촉진지원","12800"
"482","2016","중소기업청","중소기업수출촉진지원","12000"
"483","2016","중소기업청","중소기업수출촉진지원","4000"
"484","2016","중소기업청","중소기업기술개발지원","0"
"485","2016","중소기업청","중소기업성장안정지원","12000"
"486","2016","중소기업청","중소기업수출촉진지원","130000"
"487","2016","중소기업청","중소기업기술개발지원","5500000"
"488","2016","중소기업청","중소기업기술개발지원","5000"
"489","2016","중소기업청","중소기업수출촉진지원","30000"
"490","2016","공정거래위원회","중소기업 경쟁여건 개선","20785"
"491","2016","중소기업청","중소기업신용보증지원","26000000"
"492","2016","중소기업청","중소기업기술개발지원","0"
"493","2016","중소기업청","중소기업기술개발지원","100000"
"494","2016","중소기업청","중소기업수출촉진지원","685000"
"495","2016","중소기업청","중소기업수출촉진지원","121000"
"496","2016","중소기업청","중소기업수출촉진지원","3000"
"497","2016","중소기업청","중소기업기술개발지원","0"
"498","2016","중소기업청","중소기업수출촉진지원","1500"
"499","2016","중소기업청","중소기업수출촉진지원","1107000"
"500","2016","공정거래위원회","중소기업 경쟁여건 개선","0"
"501","2016","공정거래위원회","중소기업 경쟁여건 개선","0"
"502","2016","중소기업청","중소기업수출촉진지원","1264350"
"503","2016","중소기업청","중소기업기술개발지원","0"
"504","2016","공정거래위원회","중소기업 경쟁여건 개선","0"
"505","2016","중소기업청","중소기업성장안정지원","98000"
"506","2016","중소기업청","중소기업수출촉진지원","3000"
"507","2016","중소기업청","중소기업기술개발지원","1300000"
"508","2016","중소기업청","중소기업수출촉진지원","450000"
"509","2016","중소기업청","중소기업수출촉진지원","17650000"
"510","2016","중소기업청","중소기업수출촉진지원","73603"
"511","2016","중소기업청","중소기업수출촉진지원","58740400"
"512","2016","중소기업청","중소기업수출촉진지원","33000"
"513","2017","중소기업청","중소기업성장안정지원","0"
"514","2017","중소기업청","중소기업수출촉진지원","0"
"515","2017","중소기업청","중소기업수출촉진지원","12400"
"516","2017","중소기업청","중소기업수출촉진지원","8000"
"517","2017","중소기업청","중소기업수출촉진지원","90000"
"518","2017","중소기업청","중소기업수출촉진지원","100000"
"519","2017","중소기업청","중소기업수출촉진지원","0"
"520","2017","공정거래위원회","중소기업 경쟁여건 개선","27000"
"521","2017","중소기업청","중소기업신용보증지원","0"
"522","2017","중소기업청","중소기업기술개발지원","5800000"
"523","2017","중소기업청","중소기업수출촉진지원","0"
"524","2017","중소기업청","중소기업수출촉진지원","30000"
"525","2017","중소기업청","중소기업신용보증지원","0"
"526","2017","중소기업청","중소기업기술개발지원","130814000"
"527","2017","중소기업청","중소기업기술개발지원","20000"
"528","2017","중소기업청","중소기업수출촉진지원","11000"
"529","2017","중소기업청","중소기업신용보증지원","0"
"530","2017","중소기업청","중소기업수출촉진지원","257900"
"531","2017","중소기업청","중소기업수출촉진지원","115000"
"532","2017","중소기업청","중소기업수출촉진지원","428000"
"533","2017","중소기업청","중소기업성장안정지원","192000"
"534","2017","중소기업청","중소기업기술개발지원","195077000"
"535","2017","중소기업청","중소기업기술개발지원","80000"
"536","2017","중소기업청","중소기업수출촉진지원","114800000"
"537","2017","중소기업청","중소기업수출촉진지원","1900000"
"538","2017","중소기업청","중소기업수출촉진지원","10000"
"539","2017","중소기업청","중소기업수출촉진지원","43000"
"540","2017","중소기업청","중소기업수출촉진지원","0"
"541","2017","중소기업청","중소기업수출촉진지원","33100"
"542","2017","공정거래위원회","중소기업 경쟁여건 개선","19000"
"543","2017","중소기업청","중소기업성장안정지원","25000"
"544","2017","중소기업청","중소기업기술개발지원","0"
"545","2017","중소기업청","중소기업기술개발지원","43000"
"546","2017","중소기업청","중소기업기술개발지원","30000"
"547","2017","중소기업청","중소기업수출촉진지원","10650000"
"548","2017","중소기업청","중소기업수출촉진지원","1690000"
"549","2017","중소기업청","중소기업수출촉진지원","4180000"
"550","2017","중소기업청","중소기업수출촉진지원","12000"
"551","2017","중소기업청","중소기업수출촉진지원","0"
"552","2017","중소기업청","중소기업기술개발지원","0"
"553","2017","중소기업청","중소기업기술개발지원","0"
"554","2017","중소기업청","중소기업수출촉진지원","73603"
"555","2017","중소기업청","중소기업수출촉진지원","0"
"556","2017","중소기업청","중소기업수출촉진지원","0"
"557","2017","공정거래위원회","중소기업 경쟁여건 개선","191000"
"558","2017","중소기업청","중소기업성장안정지원","103000"
"559","2017","중소기업청","중소기업기술개발지원","0"
"560","2017","중소기업청","중소기업기술개발지원","0"
"561","2017","중소기업청","중소기업수출촉진지원","45865000"
"562","2017","중소기업청","중소기업수출촉진지원","485000"
"563","2017","공정거래위원회","중소기업 경쟁여건 개선","112000"
"564","2017","공정거래위원회","중소기업 경쟁여건 개선","30000"
"565","2017","중소기업청","중소기업기술개발지원","10560000"
"566","2017","중소기업청","중소기업기술개발지원","0"
"567","2017","중소기업청","중소기업기술개발지원","0"
"568","2017","중소기업청","중소기업수출촉진지원","10000"
"569","2017","중소기업청","중소기업수출촉진지원","0"
"570","2017","중소기업청","중소기업수출촉진지원","24000"
"571","2017","중소기업청","중소기업성장안정지원","880000000"
"572","2017","중소기업청","중소기업수출촉진지원","0"
"573","2017","중소기업청","중소기업성장안정지원","5805000"
"574","2017","중소기업청","중소기업성장안정지원","0"
"575","2017","중소기업청","중소기업수출촉진지원","41000"
"576","2017","중소기업청","중소기업성장안정지원","25000"
"577","2017","중소기업청","중소기업기술개발지원","10000"
"578","2017","중소기업청","중소기업수출촉진지원","70000"
"579","2017","중소기업청","중소기업수출촉진지원","30000"
"580","2017","중소기업청","중소기업수출촉진지원","212000"
"581","2017","중소기업청","중소기업수출촉진지원","15000"
"582","2017","중소기업청","중소기업수출촉진지원","3000"
"583","2017","중소기업청","중소기업성장안정지원","0"
"584","2017","중소기업청","중소기업기술개발지원","0"
"585","2017","중소기업청","중소기업수출촉진지원","0"
"586","2017","공정거래위원회","중소기업 경쟁여건 개선","173535"
"587","2017","중소기업청","중소기업기술개발지원","0"
"588","2017","중소기업청","중소기업수출촉진지원","143000"
"589","2017","중소기업청","중소기업성장안정지원","4209000"
"590","2017","중소기업청","중소기업수출촉진지원","0"
"591","2017","중소기업청","중소기업수출촉진지원","870000"
"592","2017","중소기업청","중소기업수출촉진지원","0"
"593","2017","공정거래위원회","중소기업 경쟁여건 개선","4000"
"594","2017","중소기업청","중소기업성장안정지원","12000"
"595","2017","중소기업청","중소기업수출촉진지원","0"
"596","2017","중소기업청","중소기업수출촉진지원","34000"
"597","2017","중소기업청","중소기업수출촉진지원","0"
"598","2017","중소기업청","중소기업수출촉진지원","17000"
"599","2017","중소기업청","중소기업수출촉진지원","0"
"600","2017","중소기업청","중소기업기술개발지원","0"
"601","2017","중소기업청","중소기업기술개발지원","0"
"602","2017","중소기업청","중소기업수출촉진지원","53000"
"603","2017","중소기업청","중소기업수출촉진지원","0"
"604","2017","중소기업청","중소기업기술개발지원","575000000"
"605","2017","중소기업청","중소기업성장안정지원","99000"
"606","2017","중소기업청","중소기업성장안정지원","410000"
"607","2017","중소기업청","중소기업기술개발지원","239397000"
"608","2017","중소기업청","중소기업기술개발지원","1335000"
"609","2017","중소기업청","중소기업수출촉진지원","1076931"
"610","2017","중소기업청","중소기업수출촉진지원","255000"
"611","2017","중소기업청","중소기업수출촉진지원","3000"
"612","2017","중소기업청","중소기업기술개발지원","50600000"
"613","2017","중소기업청","중소기업수출촉진지원","158500"
"614","2017","중소기업청","중소기업수출촉진지원","204000"
"615","2017","중소기업청","중소기업수출촉진지원","17000"
"616","2017","중소기업청","중소기업기술개발지원","0"
"617","2017","중소기업청","중소기업수출촉진지원","0"
"618","2017","중소기업청","중소기업수출촉진지원","2787400"
"619","2017","공정거래위원회","중소기업 경쟁여건 개선","400"
"620","2017","공정거래위원회","중소기업 경쟁여건 개선","2340"
"621","2017","중소기업청","중소기업기술개발지원","0"
"622","2017","중소기업청","중소기업수출촉진지원","0"
"623","2017","중소기업청","중소기업수출촉진지원","27000"
"624","2017","중소기업청","중소기업수출촉진지원","30000"
"625","2017","중소기업청","중소기업수출촉진지원","0"
"626","2017","중소기업청","중소기업수출촉진지원","151000"
"627","2017","중소기업청","중소기업수출촉진지원","4000"
"628","2017","중소기업청","중소기업신용보증지원","0"
"629","2017","공정거래위원회","중소기업 경쟁여건 개선","11000"
"630","2017","중소기업청","중소기업수출촉진지원","0"
"631","2017","중소기업청","중소기업수출촉진지원","0"
"632","2017","중소기업청","중소기업수출촉진지원","157000"
"633","2017","중소기업청","중소기업수출촉진지원","0"
"634","2017","공정거래위원회","중소기업 경쟁여건 개선","0"
"635","2017","중소기업청","중소기업기술개발지원","0"
"636","2017","중소기업청","중소기업기술개발지원","1810000"
"637","2017","중소기업청","중소기업수출촉진지원","0"
"638","2017","중소기업청","중소기업수출촉진지원","0"
"639","2017","중소기업청","중소기업기술개발지원","3800000"
"640","2017","중소기업청","중소기업수출촉진지원","520146"
"641","2017","중소기업청","중소기업수출촉진지원","50000"
"642","2017","중소기업청","중소기업신용보증지원","30000000"
"643","2017","중소기업청","중소기업기술개발지원","153621000"
"644","2017","중소기업청","중소기업기술개발지원","2081000"
"645","2017","중소기업청","중소기업수출촉진지원","1264000"
"646","2017","중소기업청","중소기업수출촉진지원","6000"
"647","2017","중소기업청","중소기업성장안정지원","150000000"
"648","2017","중소기업청","중소기업성장안정지원","75000000"
"649","2017","중소기업청","중소기업신용보증지원","38700000"
"650","2017","중소기업청","중소기업기술개발지원","36035000"
"651","2017","중소기업청","중소기업기술개발지원","0"
"652","2017","중소기업청","중소기업수출촉진지원","25000"
"653","2017","중소기업청","중소기업수출촉진지원","3695000"
"654","2017","중소기업청","중소기업수출촉진지원","0"
"655","2017","중소기업청","중소기업수출촉진지원","0"
"656","2017","중소기업청","중소기업수출촉진지원","1365000"
"657","2017","중소기업청","중소기업수출촉진지원","1500"
"658","2017","중소기업청","중소기업성장안정지원","0"
"659","2017","중소기업청","중소기업수출촉진지원","0"
"660","2017","중소기업청","중소기업수출촉진지원","200000"
"661","2017","중소기업청","중소기업수출촉진지원","93000"
"662","2017","공정거래위원회","중소기업 경쟁여건 개선","16000"
"663","2017","중소기업청","중소기업성장안정지원","100000"
"664","2017","중소기업청","중소기업성장안정지원","50000"
"665","2017","중소기업청","중소기업기술개발지원","3000000"
"666","2017","중소기업청","중소기업수출촉진지원","0"
"667","2017","공정거래위원회","중소기업 경쟁여건 개선","21725"
"668","2017","공정거래위원회","중소기업 경쟁여건 개선","0"
"669","2017","중소기업청","중소기업수출촉진지원","101000"
"670","2017","중소기업청","중소기업수출촉진지원","745000"
"671","2017","공정거래위원회","중소기업 경쟁여건 개선","0"
"672","2017","공정거래위원회","중소기업 경쟁여건 개선","650000"
"673","2017","중소기업청","중소기업성장안정지원","188000"
"674","2017","중소기업청","중소기업성장안정지원","289000"
"675","2017","중소기업청","중소기업성장안정지원","1173000"
"676","2017","중소기업청","중소기업기술개발지원","0"
"677","2017","중소기업청","중소기업수출촉진지원","0"
"678","2017","중소기업청","중소기업수출촉진지원","0"
"679","2017","중소기업청","중소기업수출촉진지원","205520"
"680","2017","중소기업청","중소기업수출촉진지원","390000"
"681","2017","중소기업청","중소기업수출촉진지원","0"
"682","2018","중소벤처기업부","중소기업기술개발지원","2130000"
"683","2018","중소벤처기업부","중소기업기술개발지원","0"
"684","2018","중소벤처기업부","중소기업수출촉진지원","513000"
"685","2018","중소벤처기업부","중소기업수출촉진지원","378000"
"686","2018","공정거래위원회","중소기업 경쟁여건 개선","23850"
"687","2018","중소벤처기업부","중소기업성장안정지원","1141712"
"688","2018","중소벤처기업부","중소기업수출촉진지원","27000"
"689","2018","중소벤처기업부","중소기업기술개발지원","10833000"
"690","2018","중소벤처기업부","중소기업기술개발지원","0"
"691","2018","중소벤처기업부","중소기업기술개발지원","0"
"692","2018","중소벤처기업부","중소기업수출촉진지원","14000"
"693","2018","중소벤처기업부","중소기업성장안정지원","12000"
"694","2018","중소벤처기업부","중소기업성장안정지원","170000000"
"695","2018","중소벤처기업부","중소기업수출촉진지원","70000"
"696","2018","중소벤처기업부","중소기업수출촉진지원","131000"
"697","2018","중소벤처기업부","중소기업수출촉진지원","3000"
"698","2018","공정거래위원회","중소기업 경쟁여건 개선","33000"
"699","2018","중소벤처기업부","중소기업수출촉진지원","13000"
"700","2018","중소벤처기업부","중소기업수출촉진지원","2542000"
"701","2018","중소벤처기업부","중소기업수출촉진지원","4853000"
"702","2018","중소벤처기업부","중소기업수출촉진지원","30000"
"703","2018","중소벤처기업부","중소기업신용보증지원","0"
"704","2018","공정거래위원회","중소기업 경쟁여건 개선","700000"
"705","2018","중소벤처기업부","중소기업기술개발지원","0"
"706","2018","중소벤처기업부","중소기업수출촉진지원","6000"
"707","2018","중소벤처기업부","중소기업기술개발지원","44383000"
"708","2018","중소벤처기업부","중소기업수출촉진지원","571000"
"709","2018","중소벤처기업부","중소기업수출촉진지원","21000"
"710","2018","중소벤처기업부","중소기업수출촉진지원","30000"
"711","2018","중소벤처기업부","중소기업수출촉진지원","30000"
"712","2018","중소벤처기업부","중소기업수출촉진지원","234000"
"713","2018","중소벤처기업부","중소기업수출촉진지원","0"
"714","2018","공정거래위원회","중소기업 경쟁여건 개선","132000"
"715","2018","중소벤처기업부","중소기업수출촉진지원","109877000"
"716","2018","중소벤처기업부","중소기업수출촉진지원","146000"
"717","2018","중소벤처기업부","중소기업수출촉진지원","146000"
"718","2018","중소벤처기업부","중소기업수출촉진지원","34000"
"719","2018","중소벤처기업부","중소기업수출촉진지원","12000"
"720","2018","중소벤처기업부","중소기업기술개발지원","0"
"721","2018","중소벤처기업부","중소기업수출촉진지원","97000"
"722","2018","중소벤처기업부","중소기업신용보증지원","35620000"
"723","2018","중소벤처기업부","중소기업기술개발지원","1640000"
"724","2018","공정거래위원회","중소기업 경쟁여건 개선","4000"
"725","2018","중소벤처기업부","중소기업성장안정지원","1010304"
"726","2018","중소벤처기업부","중소기업성장안정지원","121600"
"727","2018","중소벤처기업부","중소기업수출촉진지원","4000"
"728","2018","중소벤처기업부","중소기업기술개발지원","10000"
"729","2018","중소벤처기업부","중소기업수출촉진지원","1500"
"730","2018","중소벤처기업부","중소기업수출촉진지원","975000"
"731","2018","공정거래위원회","중소기업 경쟁여건 개선","16000"
"732","2018","중소벤처기업부","중소기업성장안정지원","260000"
"733","2018","중소벤처기업부","중소기업성장안정지원","81000"
"734","2018","중소벤처기업부","중소기업수출촉진지원","1169000"
"735","2018","중소벤처기업부","중소기업수출촉진지원","24000"
"736","2018","중소벤처기업부","중소기업성장안정지원","880000000"
"737","2018","중소벤처기업부","중소기업기술개발지원","139478000"
"738","2018","중소벤처기업부","중소기업신용보증지원","40000000"
"739","2018","중소벤처기업부","중소기업수출촉진지원","10650000"
"740","2018","중소벤처기업부","중소기업기술개발지원","0"
"741","2018","중소벤처기업부","중소기업기술개발지원","4580000"
"742","2018","중소벤처기업부","중소기업기술개발지원","15000"
"743","2018","중소벤처기업부","중소기업수출촉진지원","42046000"
"744","2018","중소벤처기업부","중소기업수출촉진지원","1052000"
"745","2018","공정거래위원회","중소기업 경쟁여건 개선","191000"
"746","2018","중소벤처기업부","중소기업성장안정지원","380000"
"747","2018","중소벤처기업부","중소기업수출촉진지원","3000"
"748","2018","중소벤처기업부","중소기업기술개발지원","8320000"
"749","2018","중소벤처기업부","중소기업기술개발지원","0"
"750","2018","중소벤처기업부","중소기업기술개발지원","2000000"
"751","2018","중소벤처기업부","중소기업수출촉진지원","223000"
"752","2018","중소벤처기업부","중소기업수출촉진지원","700000"
"753","2018","중소벤처기업부","중소기업수출촉진지원","249000"
"754","2018","중소벤처기업부","중소기업수출촉진지원","3000"
"755","2018","중소벤처기업부","중소기업수출촉진지원","112000"
"756","2018","공정거래위원회","중소기업 경쟁여건 개선","2450"
"757","2018","공정거래위원회","중소기업 경쟁여건 개선","10300"
"758","2018","중소벤처기업부","중소기업기술개발지원","0"
"759","2018","중소벤처기업부","중소기업기술개발지원","1370000"
"760","2018","중소벤처기업부","중소기업성장안정지원","182400"
"761","2018","중소벤처기업부","중소기업기술개발지원","226920000"
"762","2018","중소벤처기업부","중소기업수출촉진지원","23000"
"763","2018","중소벤처기업부","중소기업수출촉진지원","0"
"764","2018","중소벤처기업부","중소기업성장안정지원","3957000"
"765","2018","중소벤처기업부","중소기업수출촉진지원","350000"
"766","2018","중소벤처기업부","중소기업수출촉진지원","0"
"767","2018","중소벤처기업부","중소기업수출촉진지원","224000"
"768","2018","중소벤처기업부","중소기업성장안정지원","71250"
"769","2018","중소벤처기업부","중소기업기술개발지원","272742000"
"770","2018","중소벤처기업부","중소기업기술개발지원","0"
"771","2018","중소벤처기업부","중소기업수출촉진지원","269000"
"772","2018","중소벤처기업부","중소기업수출촉진지원","147000"
"773","2018","중소벤처기업부","중소기업수출촉진지원","0"
"774","2018","중소벤처기업부","중소기업수출촉진지원","15000"
"775","2018","공정거래위원회","중소기업 경쟁여건 개선","30000"
"776","2018","중소벤처기업부","중소기업성장안정지원","179200"
"777","2018","중소벤처기업부","중소기업기술개발지원","170235000"
"778","2018","중소벤처기업부","중소기업수출촉진지원","1198000"
"779","2018","중소벤처기업부","중소기업수출촉진지원","83000"
"780","2018","공정거래위원회","중소기업 경쟁여건 개선","114000"
"781","2018","공정거래위원회","중소기업 경쟁여건 개선","0"
"782","2018","중소벤처기업부","중소기업수출촉진지원","10000"
"783","2018","중소벤처기업부","중소기업수출촉진지원","143000"
"784","2018","중소벤처기업부","중소기업수출촉진지원","1973500"
"785","2018","공정거래위원회","중소기업 경쟁여건 개선","79000"
"786","2018","중소벤처기업부","중소기업수출촉진지원","41000"
"787","2018","중소벤처기업부","중소기업수출촉진지원","273000"
"788","2018","공정거래위원회","중소기업 경쟁여건 개선","400"
"789","2018","중소벤처기업부","중소기업기술개발지원","0"
"790","2018","중소벤처기업부","중소기업기술개발지원","490000000"
"791","2018","중소벤처기업부","중소기업기술개발지원","0"
"792","2018","중소벤처기업부","중소기업수출촉진지원","25000"
"793","2018","중소벤처기업부","중소기업성장안정지원","100000000"
"794","2018","중소벤처기업부","중소기업기술개발지원","0"
"795","2018","중소벤처기업부","중소기업기술개발지원","872000"
"796","2018","중소벤처기업부","중소기업수출촉진지원","5000"
"797","2018","중소벤처기업부","중소기업성장안정지원","100360"
"798","2018","중소벤처기업부","중소기업기술개발지원","0"
"799","2018","중소벤처기업부","중소기업수출촉진지원","13000"
"800","2018","중소벤처기업부","중소기업수출촉진지원","0"
"801","2018","중소벤처기업부","중소기업수출촉진지원","17000"
"802","2018","중소벤처기업부","중소기업성장안정지원","50000"
"803","2018","중소벤처기업부","중소기업기술개발지원","40000"
"804","2018","중소벤처기업부","중소기업수출촉진지원","11000"
"805","2018","중소벤처기업부","중소기업성장안정지원","5589174"
"806","2018","중소벤처기업부","중소기업수출촉진지원","40000"
"807","2018","중소벤처기업부","중소기업수출촉진지원","67000"
"808","2018","중소벤처기업부","중소기업수출촉진지원","792000"
"809","2019","공정거래위원회","중소기업 경쟁여건 개선","10000"
"810","2019","공정거래위원회","중소기업 경쟁여건 개선","34000"
"811","2019","중소벤처기업부","중소기업기술개발지원","0"
"812","2019","중소벤처기업부","중소기업기술개발지원","194735000"
"813","2019","중소벤처기업부","중소기업기술개발지원","15682000"
"814","2019","중소벤처기업부","중소기업기술개발지원","0"
"815","2019","중소벤처기업부","중소기업기술개발지원","15000"
"816","2019","중소벤처기업부","중소기업수출촉진지원","17000"
"817","2019","공정거래위원회","중소기업 경쟁여건 개선","217265"
"818","2019","공정거래위원회","중소기업 경쟁여건 개선","45000"
"819","2019","중소벤처기업부","중소기업기술개발지원","1000"
"820","2019","중소벤처기업부","중소기업기술개발지원","493000"
"821","2019","중소벤처기업부","중소기업수출촉진지원","894000"
"822","2019","중소벤처기업부","중소기업수출촉진지원","79000"
"823","2019","중소벤처기업부","중소기업기술개발지원","3000"
"824","2019","중소벤처기업부","중소기업기술개발지원","0"
"825","2019","중소벤처기업부","중소기업기술개발지원","0"
"826","2019","중소벤처기업부","중소기업성장안정지원","0"
"827","2019","중소벤처기업부","중소기업성장안정지원","80000"
"828","2019","중소벤처기업부","중소기업수출촉진지원","12967000"
"829","2019","중소벤처기업부","중소기업기술개발지원","0"
"830","2019","중소벤처기업부","중소기업수출촉진지원","32000"
"831","2019","공정거래위원회","중소기업 경쟁여건 개선","7000"
"832","2019","중소벤처기업부","중소기업기술개발지원","1107000"
"833","2019","중소벤처기업부","중소기업수출촉진지원","18000"
"834","2019","중소벤처기업부","중소기업수출촉진지원","98400000"
"835","2019","중소벤처기업부","중소기업기술개발지원","12839000"
"836","2019","중소벤처기업부","중소기업기술개발지원","581000"
"837","2019","중소벤처기업부","중소기업수출촉진지원","280000"
"838","2019","중소벤처기업부","중소기업수출촉진지원","14000"
"839","2019","중소벤처기업부","중소기업수출촉진지원","1670000"
"840","2019","공정거래위원회","중소기업 경쟁여건 개선","354000"
"841","2019","중소벤처기업부","중소기업성장안정지원","380000"
"842","2019","중소벤처기업부","중소기업기술개발지원","0"
"843","2019","중소벤처기업부","중소기업수출촉진지원","24000"
"844","2019","중소벤처기업부","중소기업수출촉진지원","0"
"845","2019","공정거래위원회","중소기업 경쟁여건 개선","8200"
"846","2019","중소벤처기업부","중소기업성장안정지원","200000000"
"847","2019","중소벤처기업부","중소기업수출촉진지원","295000"
"848","2019","중소벤처기업부","중소기업성장안정지원","167000"
"849","2019","중소벤처기업부","중소기업성장안정지원","12000"
"850","2019","중소벤처기업부","중소기업수출촉진지원","4000"
"851","2019","공정거래위원회","중소기업 경쟁여건 개선","1000"
"852","2019","중소벤처기업부","중소기업수출촉진지원","17000"
"853","2019","중소벤처기업부","중소기업수출촉진지원","147000"
"854","2019","중소벤처기업부","중소기업수출촉진지원","481000"
"855","2019","중소벤처기업부","중소기업수출촉진지원","55000"
"856","2019","공정거래위원회","중소기업 경쟁여건 개선","26000"
"857","2019","공정거래위원회","중소기업 경쟁여건 개선","4000"
"858","2019","중소벤처기업부","중소기업성장안정지원","0"
"859","2019","중소벤처기업부","중소기업기술개발지원","79000"
"860","2019","중소벤처기업부","중소기업기술개발지원","69000"
"861","2019","중소벤처기업부","중소기업수출촉진지원","3000"
"862","2019","중소벤처기업부","중소기업수출촉진지원","51000"
"863","2019","중소벤처기업부","중소기업수출촉진지원","97000"
"864","2019","중소벤처기업부","중소기업수출촉진지원","40000"
"865","2019","중소벤처기업부","중소기업수출촉진지원","366000"
"866","2019","공정거래위원회","중소기업 경쟁여건 개선","50000"
"867","2019","중소벤처기업부","중소기업성장안정지원","880000000"
"868","2019","중소벤처기업부","중소기업수출촉진지원","273000"
"869","2019","중소벤처기업부","중소기업수출촉진지원","246000"
"870","2019","중소벤처기업부","중소기업기술개발지원","25000000"
"871","2019","중소벤처기업부","중소기업수출촉진지원","287000"
"872","2019","중소벤처기업부","중소기업수출촉진지원","67000"
"873","2019","중소벤처기업부","중소기업수출촉진지원","3000"
"874","2019","중소벤처기업부","중소기업수출촉진지원","3000"
"875","2019","공정거래위원회","중소기업 경쟁여건 개선","37000"
"876","2019","공정거래위원회","중소기업 경쟁여건 개선","1000"
"877","2019","중소벤처기업부","중소기업기술개발지원","0"
"878","2019","중소벤처기업부","중소기업성장안정지원","180000000"
"879","2019","중소벤처기업부","중소기업기술개발지원","2000"
"880","2019","중소벤처기업부","중소기업기술개발지원","7000000"
"881","2019","공정거래위원회","중소기업 경쟁여건 개선","10000"
"882","2019","중소벤처기업부","중소기업기술개발지원","42614000"
"883","2019","중소벤처기업부","중소기업기술개발지원","0"
"884","2019","중소벤처기업부","중소기업수출촉진지원","240000"
"885","2019","중소벤처기업부","중소기업수출촉진지원","792000"
"886","2019","공정거래위원회","중소기업 경쟁여건 개선","16000"
"887","2019","중소벤처기업부","중소기업기술개발지원","0"
"888","2019","중소벤처기업부","중소기업수출촉진지원","52326000"
"889","2019","중소벤처기업부","중소기업성장안정지원","63000000"
"890","2019","중소벤처기업부","중소기업기술개발지원","0"
"891","2019","중소벤처기업부","중소기업기술개발지원","13644000"
"892","2019","중소벤처기업부","중소기업기술개발지원","6254000"
"893","2019","중소벤처기업부","중소기업수출촉진지원","33000"
"894","2019","중소벤처기업부","중소기업수출촉진지원","258000"
"895","2019","중소벤처기업부","중소기업수출촉진지원","13000"
"896","2019","중소벤처기업부","중소기업수출촉진지원","32600"
"897","2019","중소벤처기업부","중소기업기술개발지원","32000"
"898","2019","중소벤처기업부","중소기업성장안정지원","2606000"
"899","2019","중소벤처기업부","중소기업기술개발지원","373000"
"900","2019","중소벤처기업부","중소기업수출촉진지원","5000"
"901","2019","중소벤처기업부","중소기업성장안정지원","5353000"
"902","2019","중소벤처기업부","중소기업기술개발지원","20000"
"903","2019","중소벤처기업부","중소기업수출촉진지원","134000"
"904","2019","중소벤처기업부","중소기업성장안정지원","652000"
"905","2019","중소벤처기업부","중소기업기술개발지원","10000"
"906","2019","중소벤처기업부","중소기업수출촉진지원","6594000"
"907","2019","중소벤처기업부","중소기업기술개발지원","12133000"
"908","2019","중소벤처기업부","중소기업수출촉진지원","50000"
"909","2019","중소벤처기업부","중소기업수출촉진지원","1030000"
"910","2019","중소벤처기업부","중소기업성장안정지원","182000"
"911","2019","중소벤처기업부","중소기업기술개발지원","0"
"912","2019","중소벤처기업부","중소기업수출촉진지원","1398000"
"913","2019","중소벤처기업부","중소기업수출촉진지원","70000"
"914","2019","중소벤처기업부","중소기업수출촉진지원","170000"
"915","2019","중소벤처기업부","중소기업수출촉진지원","310000"
"916","2019","중소벤처기업부","중소기업수출촉진지원","152000"
"917","2019","중소벤처기업부","중소기업기술개발지원","0"
"918","2019","중소벤처기업부","중소기업기술개발지원","3000"
"919","2019","중소벤처기업부","중소기업성장안정지원","1024000"
"920","2019","중소벤처기업부","중소기업기술개발지원","105485000"
"921","2019","중소벤처기업부","중소기업기술개발지원","3725000"
"922","2019","중소벤처기업부","중소기업기술개발지원","7938000"
"923","2019","중소벤처기업부","중소기업수출촉진지원","2000"
"924","2019","공정거래위원회","중소기업 경쟁여건 개선","2000"
"925","2019","중소벤처기업부","중소기업수출촉진지원","41000"
"926","2019","중소벤처기업부","중소기업수출촉진지원","513000"
"927","2019","공정거래위원회","중소기업 경쟁여건 개선","50000"
"928","2019","중소벤처기업부","중소기업기술개발지원","1700000"
"929","2019","중소벤처기업부","중소기업기술개발지원","556000"
"930","2019","중소벤처기업부","중소기업수출촉진지원","3000"
"931","2019","중소벤처기업부","중소기업수출촉진지원","3857400"
"932","2019","공정거래위원회","중소기업 경쟁여건 개선","162735"
"933","2019","중소벤처기업부","중소기업성장안정지원","535000"
"934","2019","중소벤처기업부","중소기업기술개발지원","6000"
"935","2019","중소벤처기업부","중소기업수출촉진지원","85000"
"936","2019","중소벤처기업부","중소기업수출촉진지원","14000"
"937","2019","중소벤처기업부","중소기업기술개발지원","44383000"
"938","2019","중소벤처기업부","중소기업수출촉진지원","31000"
"939","2019","중소벤처기업부","중소기업수출촉진지원","30000"
"940","2019","공정거래위원회","중소기업 경쟁여건 개선","233000"
"941","2019","중소벤처기업부","중소기업성장안정지원","122000"
"942","2019","중소벤처기업부","중소기업기술개발지원","2000"
"943","2019","중소벤처기업부","중소기업기술개발지원","0"
"944","2019","중소벤처기업부","중소기업기술개발지원","3514000"
"945","2019","중소벤처기업부","중소기업기술개발지원","10556000"
"946","2019","중소벤처기업부","중소기업수출촉진지원","51000"
"947","2019","중소벤처기업부","중소기업수출촉진지원","10000"
"948","2019","중소벤처기업부","중소기업수출촉진지원","5000"
"949","2019","중소벤처기업부","중소기업수출촉진지원","892000"
"950","2019","공정거래위원회","중소기업 경쟁여건 개선","195000"
"951","2019","공정거래위원회","중소기업 경쟁여건 개선","104000"
"952","2019","중소벤처기업부","중소기업수출촉진지원","146000"
"953","2019","중소벤처기업부","중소기업수출촉진지원","700000"
"954","2019","중소벤처기업부","중소기업수출촉진지원","14000"
"955","2019","중소벤처기업부","중소기업수출촉진지원","6000"
"956","2019","공정거래위원회","중소기업 경쟁여건 개선","28800"
"957","2019","공정거래위원회","중소기업 경쟁여건 개선","130000"
"958","2019","중소벤처기업부","중소기업성장안정지원","349390000"
"959","2019","중소벤처기업부","중소기업성장안정지원","100000000"
"960","2019","중소벤처기업부","중소기업기술개발지원","3000"
"961","2019","중소벤처기업부","중소기업기술개발지원","62604000"
"962","2019","공정거래위원회","중소기업 경쟁여건 개선","3000"
"963","2019","중소벤처기업부","중소기업성장안정지원","1087000"
"964","2019","중소벤처기업부","중소기업성장안정지원","260000"
"965","2019","중소벤처기업부","중소기업기술개발지원","2000000"
"966","2019","중소벤처기업부","중소기업수출촉진지원","10650000"
"967","2019","중소벤처기업부","중소기업성장안정지원","31850000"
"968","2019","중소벤처기업부","중소기업수출촉진지원","30000"
"969","2019","중소벤처기업부","중소기업수출촉진지원","11000"
"970","2019","중소벤처기업부","중소기업기술개발지원","1452000"
"971","2019","중소벤처기업부","중소기업기술개발지원","28000"
"972","2019","중소벤처기업부","중소기업기술개발지원","517000"
"973","2019","중소벤처기업부","중소기업성장안정지원","81000"
"974","2019","중소벤처기업부","중소기업성장안정지원","91000000"
"975","2019","중소벤처기업부","중소기업기술개발지원","373262000"
"976","2019","중소벤처기업부","중소기업기술개발지원","7589000"
"977","2019","중소벤처기업부","중소기업수출촉진지원","3000"
"978","2019","중소벤처기업부","중소기업기술개발지원","335849000"
"979","2019","중소벤처기업부","중소기업수출촉진지원","11000"
"980","2019","중소벤처기업부","중소기업성장안정지원","50000"
"981","2019","중소벤처기업부","중소기업기술개발지원","1000"
"982","2019","중소벤처기업부","중소기업성장안정지원","275000"
"983","2019","중소벤처기업부","중소기업성장안정지원","71000"
"984","2019","중소벤처기업부","중소기업기술개발지원","60000"
"985","2019","중소벤처기업부","중소기업기술개발지원","27000"
"986","2019","중소벤처기업부","중소기업수출촉진지원","28000"
"987","2019","중소벤처기업부","중소기업수출촉진지원","129000"
"988","2020","공정거래위원회","중소기업 경쟁여건 개선","218193"
"989","2020","공정거래위원회","중소기업 경쟁여건 개선","1000"
"990","2020","중소벤처기업부","중소기업수출촉진지원","0"
"991","2020","중소벤처기업부","중소기업수출촉진지원","51092000"
"992","2020","중소벤처기업부","중소기업성장안정지원","103000"
"993","2020","중소벤처기업부","중소기업기술개발지원","0"
"994","2020","중소벤처기업부","중소기업성장안정지원","60000000"
"995","2020","중소벤처기업부","중소기업성장안정지원","101114000"
"996","2020","공정거래위원회","중소기업 경쟁여건 개선","2800"
"997","2020","중소벤처기업부","중소기업기술개발지원","15500000"
"998","2020","중소벤처기업부","중소기업기술개발지원","4658000"
"999","2020","중소벤처기업부","중소기업기술개발지원","13000000"
"1000","2020","공정거래위원회","중소기업 경쟁여건 개선","50600"
"1001","2020","중소벤처기업부","중소기업수출촉진지원","0"
"1002","2020","중소벤처기업부","중소기업수출촉진지원","3250000"
"1003","2020","중소벤처기업부","중소기업수출촉진지원","99710000"
"1004","2020","중소벤처기업부","중소기업기술개발지원","4425000"
"1005","2020","중소벤처기업부","중소기업기술개발지원","2000000"
"1006","2020","중소벤처기업부","중소기업기술개발지원","7874000"
"1007","2020","공정거래위원회","중소기업 경쟁여건 개선","5000"
"1008","2020","중소벤처기업부","중소기업수출촉진지원","144000"
"1009","2020","중소벤처기업부","중소기업성장안정지원","150000000"
"1010","2020","중소벤처기업부","중소기업기술개발지원","1000"
"1011","2020","중소벤처기업부","중소기업기술개발지원","60000"
"1012","2020","중소벤처기업부","중소기업기술개발지원","24000"
"1013","2020","공정거래위원회","중소기업 경쟁여건 개선","15900"
"1014","2020","공정거래위원회","중소기업 경쟁여건 개선","9600"
"1015","2020","중소벤처기업부","중소기업수출촉진지원","1437135"
"1016","2020","중소벤처기업부","중소기업성장안정지원","210000000"
"1017","2020","중소벤처기업부","중소기업기술개발지원","0"
"1018","2020","중소벤처기업부","중소기업기술개발지원","28000"
"1019","2020","중소벤처기업부","중소기업기술개발지원","10644000"
"1020","2020","중소벤처기업부","중소기업기술개발지원","6230000"
"1021","2020","공정거래위원회","중소기업 경쟁여건 개선","195000"
"1022","2020","중소벤처기업부","중소기업수출촉진지원","4000"
"1023","2020","중소벤처기업부","중소기업수출촉진지원","0"
"1024","2020","중소벤처기업부","중소기업수출촉진지원","0"
"1025","2020","중소벤처기업부","중소기업기술개발지원","0"
"1026","2020","중소벤처기업부","중소기업성장안정지원","40000"
"1027","2020","중소벤처기업부","중소기업수출촉진지원","36000"
"1028","2020","중소벤처기업부","중소기업수출촉진지원","10650000"
"1029","2020","중소벤처기업부","중소기업기술개발지원","6504000"
"1030","2020","중소벤처기업부","중소기업기술개발지원","14250000"
"1031","2020","공정거래위원회","중소기업 경쟁여건 개선","104000"
"1032","2020","중소벤처기업부","중소기업수출촉진지원","70000"
"1033","2020","중소벤처기업부","중소기업기술개발지원","493000"
"1034","2020","공정거래위원회","중소기업 경쟁여건 개선","37000"
"1035","2020","중소벤처기업부","중소기업수출촉진지원","495000"
"1036","2020","중소벤처기업부","중소기업수출촉진지원","0"
"1037","2020","중소벤처기업부","중소기업수출촉진지원","3000"
"1038","2020","중소벤처기업부","중소기업수출촉진지원","33000"
"1039","2020","중소벤처기업부","중소기업수출촉진지원","5849000"
"1040","2020","중소벤처기업부","중소기업수출촉진지원","456000"
"1041","2020","중소벤처기업부","중소기업기술개발지원","6700000"
"1042","2020","중소벤처기업부","중소기업성장안정지원","194000"
"1043","2020","중소벤처기업부","중소기업기술개발지원","76375000"
"1044","2020","중소벤처기업부","중소기업수출촉진지원","271431"
"1045","2020","중소벤처기업부","중소기업기술개발지원","179917000"
"1046","2020","중소벤처기업부","중소기업기술개발지원","225240000"
"1047","2020","공정거래위원회","중소기업 경쟁여건 개선","30000"
"1048","2020","중소벤처기업부","중소기업수출촉진지원","1000"
"1049","2020","중소벤처기업부","중소기업수출촉진지원","408000"
"1050","2020","중소벤처기업부","중소기업수출촉진지원","0"
"1051","2020","중소벤처기업부","중소기업기술개발지원","7212000"
"1052","2020","공정거래위원회","중소기업 경쟁여건 개선","10000"
"1053","2020","공정거래위원회","중소기업 경쟁여건 개선","940000"
"1054","2020","중소벤처기업부","중소기업수출촉진지원","792000"
"1055","2020","중소벤처기업부","중소기업수출촉진지원","3000"
"1056","2020","중소벤처기업부","중소기업수출촉진지원","1400000"
"1057","2020","중소벤처기업부","중소기업성장안정지원","1330000000"
"1058","2020","중소벤처기업부","중소기업수출촉진지원","2000"
"1059","2020","중소벤처기업부","중소기업수출촉진지원","9192000"
"1060","2020","중소벤처기업부","중소기업기술개발지원","79000"
"1061","2020","중소벤처기업부","중소기업기술개발지원","14468000"
"1062","2020","중소벤처기업부","중소기업기술개발지원","1850000"
"1063","2020","중소벤처기업부","중소기업기술개발지원","0"
"1064","2020","중소벤처기업부","중소기업기술개발지원","6073000"
"1065","2020","공정거래위원회","중소기업 경쟁여건 개선","34000"
"1066","2020","공정거래위원회","중소기업 경쟁여건 개선","8000"
"1067","2020","중소벤처기업부","중소기업수출촉진지원","5000"
"1068","2020","중소벤처기업부","중소기업수출촉진지원","0"
"1069","2020","중소벤처기업부","중소기업수출촉진지원","0"
"1070","2020","중소벤처기업부","중소기업수출촉진지원","0"
"1071","2020","중소벤처기업부","중소기업수출촉진지원","70000"
"1072","2020","중소벤처기업부","중소기업기술개발지원","1400000"
"1073","2020","중소벤처기업부","중소기업기술개발지원","69000"
"1074","2020","공정거래위원회","중소기업 경쟁여건 개선","1000"
"1075","2020","중소벤처기업부","중소기업수출촉진지원","124000"
"1076","2020","중소벤처기업부","중소기업수출촉진지원","146000"
"1077","2020","중소벤처기업부","중소기업기술개발지원","0"
"1078","2020","중소벤처기업부","중소기업기술개발지원","9300000"
"1079","2020","중소벤처기업부","중소기업성장안정지원","200000000"
"1080","2020","공정거래위원회","중소기업 경쟁여건 개선","0"
"1081","2020","공정거래위원회","중소기업 경쟁여건 개선","45000"
"1082","2020","중소벤처기업부","중소기업수출촉진지원","441000"
"1083","2020","중소벤처기업부","중소기업수출촉진지원","14434"
"1084","2020","중소벤처기업부","중소기업수출촉진지원","30000"
"1085","2020","중소벤처기업부","중소기업수출촉진지원","2000"
"1086","2020","중소벤처기업부","중소기업기술개발지원","0"
"1087","2020","중소벤처기업부","중소기업성장안정지원","0"
"1088","2020","중소벤처기업부","중소기업기술개발지원","7000"
"1089","2020","중소벤처기업부","중소기업성장안정지원","0"
"1090","2020","중소벤처기업부","중소기업수출촉진지원","10000"
"1091","2020","중소벤처기업부","중소기업기술개발지원","463725000"
"1092","2020","중소벤처기업부","중소기업성장안정지원","964000"
"1093","2020","중소벤처기업부","중소기업기술개발지원","1000"
"1094","2020","공정거래위원회","중소기업 경쟁여건 개선","29000"
"1095","2020","공정거래위원회","중소기업 경쟁여건 개선","6500"
"1096","2020","중소벤처기업부","중소기업수출촉진지원","0"
"1097","2020","중소벤처기업부","중소기업기술개발지원","40988000"
"1098","2020","중소벤처기업부","중소기업성장안정지원","330000"
"1099","2020","중소벤처기업부","중소기업기술개발지원","423472000"
"1100","2020","중소벤처기업부","중소기업수출촉진지원","0"
"1101","2020","중소벤처기업부","중소기업수출촉진지원","12799000"
"1102","2020","중소벤처기업부","중소기업수출촉진지원","38000"
"1103","2020","중소벤처기업부","중소기업수출촉진지원","30000"
"1104","2020","중소벤처기업부","중소기업수출촉진지원","190000"
"1105","2020","중소벤처기업부","중소기업기술개발지원","3000"
"1106","2020","중소벤처기업부","중소기업기술개발지원","7445000"
"1107","2020","중소벤처기업부","중소기업기술개발지원","2000"
"1108","2020","중소벤처기업부","중소기업기술개발지원","2619000"
"1109","2020","중소벤처기업부","중소기업수출촉진지원","0"
"1110","2020","중소벤처기업부","중소기업수출촉진지원","321000"
"1111","2020","중소벤처기업부","중소기업수출촉진지원","194000"
"1112","2020","중소벤처기업부","중소기업성장안정지원","26000"
"1113","2020","중소벤처기업부","중소기업기술개발지원","20000"
"1114","2020","중소벤처기업부","중소기업기술개발지원","15005000"
"1115","2020","중소벤처기업부","중소기업수출촉진지원","97000"
"1116","2020","중소벤처기업부","중소기업기술개발지원","1700000"
"1117","2020","중소벤처기업부","중소기업기술개발지원","0"
"1118","2020","중소벤처기업부","중소기업기술개발지원","0"
"1119","2020","중소벤처기업부","중소기업성장안정지원","5000"
"1120","2020","중소벤처기업부","중소기업기술개발지원","1000"
"1121","2020","공정거래위원회","중소기업 경쟁여건 개선","142407"
"1122","2020","공정거래위원회","중소기업 경쟁여건 개선","300000"
"1123","2020","중소벤처기업부","중소기업수출촉진지원","44000"
"1124","2020","중소벤처기업부","중소기업수출촉진지원","267000"
"1125","2020","중소벤처기업부","중소기업기술개발지원","6541000"
"1126","2020","중소벤처기업부","중소기업기술개발지원","32930000"
"1127","2020","중소벤처기업부","중소기업성장안정지원","0"
"1128","2020","중소벤처기업부","중소기업기술개발지원","336000"
"1129","2020","중소벤처기업부","중소기업기술개발지원","6654000"
"1130","2020","중소벤처기업부","중소기업성장안정지원","537000"
"1131","2020","중소벤처기업부","중소기업성장안정지원","364200000"
"1132","2020","중소벤처기업부","중소기업수출촉진지원","7000"
"1133","2020","중소벤처기업부","중소기업기술개발지원","13682000"
"1134","2020","중소벤처기업부","중소기업기술개발지원","12120000"
"1135","2020","중소벤처기업부","중소기업기술개발지원","518000"
"1136","2020","중소벤처기업부","중소기업기술개발지원","2000"
"1137","2020","중소벤처기업부","중소기업기술개발지원","523000"
"1138","2020","중소벤처기업부","중소기업수출촉진지원","0"
"1139","2020","중소벤처기업부","중소기업수출촉진지원","36000"
"1140","2020","중소벤처기업부","중소기업기술개발지원","34000"
"1141","2020","중소벤처기업부","중소기업성장안정지원","10000000"
"1142","2020","중소벤처기업부","중소기업기술개발지원","0"
"1143","2020","중소벤처기업부","중소기업기술개발지원","2522000"
"1144","2020","중소벤처기업부","중소기업기술개발지원","10000"
"1145","2020","중소벤처기업부","중소기업성장안정지원","59000"
"1146","2020","공정거래위원회","중소기업 경쟁여건 개선","354000"
"1147","2020","중소벤처기업부","중소기업수출촉진지원","1592000"
"1148","2020","중소벤처기업부","중소기업기술개발지원","0"
"1149","2020","중소벤처기업부","중소기업기술개발지원","556000"
"1150","2020","공정거래위원회","중소기업 경쟁여건 개선","26000"
"1151","2020","중소벤처기업부","중소기업수출촉진지원","1000"
"1152","2020","중소벤처기업부","중소기업수출촉진지원","0"
"1153","2020","중소벤처기업부","중소기업수출촉진지원","319000"
"1154","2020","중소벤처기업부","중소기업수출촉진지원","55000"
"1155","2020","중소벤처기업부","중소기업기술개발지원","44274000"
"1156","2020","중소벤처기업부","중소기업기술개발지원","9418000"
"1157","2020","중소벤처기업부","중소기업성장안정지원","500000"
"1158","2020","중소벤처기업부","중소기업성장안정지원","2843000"
"1159","2020","중소벤처기업부","중소기업수출촉진지원","17000"
"1160","2020","중소벤처기업부","중소기업기술개발지원","18492000"
"1161","2020","중소벤처기업부","중소기업수출촉진지원","33000"
"1162","2020","중소벤처기업부","중소기업수출촉진지원","513000"
"1163","2020","중소벤처기업부","중소기업수출촉진지원","10000"
"1164","2020","중소벤처기업부","중소기업수출촉진지원","50000"
"1165","2020","중소벤처기업부","중소기업수출촉진지원","0"
"1166","2020","중소벤처기업부","중소기업수출촉진지원","41000"
"1167","2020","중소벤처기업부","중소기업수출촉진지원","273000"
"1168","2020","중소벤처기업부","중소기업기술개발지원","9826000"
"1169","2020","중소벤처기업부","중소기업성장안정지원","69000"
"1170","2020","중소벤처기업부","중소기업기술개발지원","0"
"1171","2020","중소벤처기업부","중소기업기술개발지원","3000"
"1172","2020","중소벤처기업부","중소기업성장안정지원","197000"
"1173","2020","공정거래위원회","중소기업 경쟁여건 개선","0"
"1174","2020","중소벤처기업부","중소기업수출촉진지원","132000"
"1175","2020","중소벤처기업부","중소기업성장안정지원","200000000"
"1176","2020","중소벤처기업부","중소기업성장안정지원","3869000"
"1177","2020","중소벤처기업부","중소기업기술개발지원","6500000"
"1178","2020","중소벤처기업부","중소기업기술개발지원","13000"
"1179","2020","중소벤처기업부","중소기업성장안정지원","46000"
"1180","2020","중소벤처기업부","중소기업성장안정지원","20000000"
"1181","2020","공정거래위원회","중소기업 경쟁여건 개선","4000"
"1182","2020","중소벤처기업부","중소기업수출촉진지원","24000"
"1183","2020","중소벤처기업부","중소기업수출촉진지원","11000"
"1184","2020","중소벤처기업부","중소기업수출촉진지원","14000"
"1185","2020","중소벤처기업부","중소기업기술개발지원","7488000"
"1186","2020","중소벤처기업부","중소기업기술개발지원","4800000"
"1187","2020","중소벤처기업부","중소기업성장안정지원","100000000"
"1188","2021","공정거래위원회","중소기업 경쟁여건 개선","66000"
"1189","2021","중소벤처기업부","중소기업수출촉진지원","60641000"
"1190","2021","중소벤처기업부","중소기업수출촉진지원","4875000"
"1191","2021","중소벤처기업부","중소기업기술개발지원","0"
"1192","2021","공정거래위원회","중소기업 경쟁여건 개선","0"
"1193","2021","중소벤처기업부","중소기업수출촉진지원","57000"
"1194","2021","중소벤처기업부","중소기업기술개발지원","0"
"1195","2021","중소벤처기업부","중소기업기술개발지원","1758000"
"1196","2021","중소벤처기업부","중소기업기술개발지원","20000"
"1197","2021","중소벤처기업부","중소기업기술개발지원","408000"
"1198","2021","중소벤처기업부","중소기업기술개발지원","4451000"
"1199","2021","중소벤처기업부","중소기업기술개발지원","665000"
"1200","2021","공정거래위원회","중소기업 경쟁여건 개선","8500"
"1201","2021","중소벤처기업부","중소기업수출촉진지원","2000"
"1202","2021","중소벤처기업부","중소기업수출촉진지원","44000"
"1203","2021","중소벤처기업부","중소기업수출촉진지원","17000"
"1204","2021","중소벤처기업부","중소기업수출촉진지원","60000"
"1205","2021","중소벤처기업부","중소기업수출촉진지원","0"
"1206","2021","중소벤처기업부","중소기업기술개발지원","3300000"
"1207","2021","중소벤처기업부","중소기업기술개발지원","3000"
"1208","2021","중소벤처기업부","중소기업기술개발지원","290000"
"1209","2021","중소벤처기업부","중소기업기술개발지원","0"
"1210","2021","중소벤처기업부","중소기업기술개발지원","24000"
"1211","2021","공정거래위원회","중소기업 경쟁여건 개선","34000"
"1212","2021","중소벤처기업부","중소기업수출촉진지원","126000"
"1213","2021","중소벤처기업부","중소기업수출촉진지원","230000"
"1214","2021","중소벤처기업부","중소기업성장안정지원","429000"
"1215","2021","중소벤처기업부","중소기업성장안정지원","396100000"
"1216","2021","중소벤처기업부","중소기업기술개발지원","2473000"
"1217","2021","중소벤처기업부","중소기업기술개발지원","1000"
"1218","2021","중소벤처기업부","중소기업기술개발지원","1714000"
"1219","2021","중소벤처기업부","중소기업기술개발지원","8950000"
"1220","2021","중소벤처기업부","중소기업기술개발지원","5859000"
"1221","2021","중소벤처기업부","중소기업기술개발지원","13400000"
"1222","2021","중소벤처기업부","중소기업기술개발지원","373000"
"1223","2021","중소벤처기업부","중소기업기술개발지원","8660000"
"1224","2021","중소벤처기업부","중소기업기술개발지원","245000"
"1225","2021","공정거래위원회","중소기업 경쟁여건 개선","0"
"1226","2021","공정거래위원회","중소기업 경쟁여건 개선","5083"
"1227","2021","공정거래위원회","중소기업 경쟁여건 개선","45000"
"1228","2021","중소벤처기업부","중소기업수출촉진지원","0"
"1229","2021","중소벤처기업부","중소기업성장안정지원","0"
"1230","2021","중소벤처기업부","중소기업기술개발지원","278001000"
"1231","2021","중소벤처기업부","중소기업기술개발지원","0"
"1232","2021","중소벤처기업부","중소기업기술개발지원","0"
"1233","2021","중소벤처기업부","중소기업기술개발지원","28500000"
"1234","2021","중소벤처기업부","중소기업수출촉진지원","5000"
"1235","2021","중소벤처기업부","중소기업수출촉진지원","132000"
"1236","2021","중소벤처기업부","중소기업기술개발지원","11250000"
"1237","2021","중소벤처기업부","중소기업기술개발지원","985000"
"1238","2021","중소벤처기업부","중소기업수출촉진지원","272000"
"1239","2021","중소벤처기업부","중소기업수출촉진지원","1000"
"1240","2021","중소벤처기업부","중소기업수출촉진지원","104000"
"1241","2021","중소벤처기업부","중소기업성장안정지원","500000000"
"1242","2021","중소벤처기업부","중소기업기술개발지원","234000"
"1243","2021","중소벤처기업부","중소기업성장안정지원","3991000"
"1244","2021","공정거래위원회","중소기업 경쟁여건 개선","374000"
"1245","2021","중소벤처기업부","중소기업수출촉진지원","60000"
"1246","2021","중소벤처기업부","중소기업기술개발지원","3501000"
"1247","2021","중소벤처기업부","중소기업성장안정지원","40000"
"1248","2021","중소벤처기업부","중소기업기술개발지원","0"
"1249","2021","중소벤처기업부","중소기업기술개발지원","375000"
"1250","2021","중소벤처기업부","중소기업성장안정지원","20000000"
"1251","2021","공정거래위원회","중소기업 경쟁여건 개선","14310"
"1252","2021","중소벤처기업부","중소기업수출촉진지원","14000"
"1253","2021","중소벤처기업부","중소기업수출촉진지원","33000"
"1254","2021","중소벤처기업부","중소기업수출촉진지원","4000"
"1255","2021","중소벤처기업부","중소기업기술개발지원","1100000"
"1256","2021","중소벤처기업부","중소기업기술개발지원","0"
"1257","2021","중소벤처기업부","중소기업성장안정지원","1766000"
"1258","2021","중소벤처기업부","중소기업성장안정지원","0"
"1259","2021","중소벤처기업부","중소기업기술개발지원","1109000"
"1260","2021","중소벤처기업부","중소기업기술개발지원","5977000"
"1261","2021","공정거래위원회","중소기업 경쟁여건 개선","26486"
"1262","2021","공정거래위원회","중소기업 경쟁여건 개선","4000"
"1263","2021","중소벤처기업부","중소기업수출촉진지원","0"
"1264","2021","중소벤처기업부","중소기업수출촉진지원","24000"
"1265","2021","중소벤처기업부","중소기업기술개발지원","0"
"1266","2021","중소벤처기업부","중소기업성장안정지원","412000"
"1267","2021","중소벤처기업부","중소기업기술개발지원","0"
"1268","2021","공정거래위원회","중소기업 경쟁여건 개선","10000"
"1269","2021","중소벤처기업부","중소기업수출촉진지원","1469924"
"1270","2021","중소벤처기업부","중소기업수출촉진지원","275550"
"1271","2021","중소벤처기업부","중소기업수출촉진지원","30000"
"1272","2021","중소벤처기업부","중소기업성장안정지원","5000"
"1273","2021","중소벤처기업부","중소기업기술개발지원","0"
"1274","2021","중소벤처기업부","중소기업기술개발지원","0"
"1275","2021","중소벤처기업부","중소기업기술개발지원","344000"
"1276","2021","중소벤처기업부","중소기업기술개발지원","0"
"1277","2021","중소벤처기업부","중소기업기술개발지원","0"
"1278","2021","중소벤처기업부","중소기업기술개발지원","290000"
"1279","2021","공정거래위원회","중소기업 경쟁여건 개선","19000"
"1280","2021","공정거래위원회","중소기업 경쟁여건 개선","60830"
"1281","2021","공정거래위원회","중소기업 경쟁여건 개선","1000"
"1282","2021","중소벤처기업부","중소기업수출촉진지원","97000"
"1283","2021","중소벤처기업부","중소기업수출촉진지원","498000"
"1284","2021","중소벤처기업부","중소기업수출촉진지원","71000"
"1285","2021","중소벤처기업부","중소기업기술개발지원","79000"
"1286","2021","공정거래위원회","중소기업 경쟁여건 개선","121585"
"1287","2021","중소벤처기업부","중소기업기술개발지원","0"
"1288","2021","중소벤처기업부","중소기업기술개발지원","2000"
"1289","2021","중소벤처기업부","중소기업기술개발지원","10782000"
"1290","2021","중소벤처기업부","중소기업기술개발지원","46317000"
"1291","2021","중소벤처기업부","중소기업기술개발지원","234000"
"1292","2021","중소벤처기업부","중소기업기술개발지원","5741000"
"1293","2021","중소벤처기업부","중소기업기술개발지원","336000"
"1294","2021","중소벤처기업부","중소기업수출촉진지원","5000"
"1295","2021","중소벤처기업부","중소기업수출촉진지원","258000"
"1296","2021","중소벤처기업부","중소기업수출촉진지원","1000"
"1297","2021","중소벤처기업부","중소기업수출촉진지원","5050000"
"1298","2021","중소벤처기업부","중소기업수출촉진지원","0"
"1299","2021","중소벤처기업부","중소기업성장안정지원","34000"
"1300","2021","중소벤처기업부","중소기업기술개발지원","0"
"1301","2021","중소벤처기업부","중소기업기술개발지원","1000"
"1302","2021","중소벤처기업부","중소기업기술개발지원","7000"
"1303","2021","중소벤처기업부","중소기업성장안정지원","300000000"
"1304","2021","중소벤처기업부","중소기업기술개발지원","9600000"
"1305","2021","중소벤처기업부","중소기업기술개발지원","95000"
"1306","2021","중소벤처기업부","중소기업기술개발지원","101050000"
"1307","2021","중소벤처기업부","중소기업기술개발지원","1253000"
"1308","2021","중소벤처기업부","중소기업기술개발지원","48000"
"1309","2021","중소벤처기업부","중소기업기술개발지원","0"
"1310","2021","공정거래위원회","중소기업 경쟁여건 개선","1044000"
"1311","2021","중소벤처기업부","중소기업기술개발지원","1000"
"1312","2021","중소벤처기업부","중소기업기술개발지원","60000"
"1313","2021","중소벤처기업부","중소기업기술개발지원","500000"
"1314","2021","중소벤처기업부","중소기업기술개발지원","1055000"
"1315","2021","중소벤처기업부","중소기업기술개발지원","5875000"
"1316","2021","중소벤처기업부","중소기업수출촉진지원","85000"
"1317","2021","중소벤처기업부","중소기업수출촉진지원","106216000"
"1318","2021","중소벤처기업부","중소기업수출촉진지원","497000"
"1319","2021","중소벤처기업부","중소기업수출촉진지원","392000"
"1320","2021","중소벤처기업부","중소기업성장안정지원","500000000"
"1321","2021","중소벤처기업부","중소기업기술개발지원","2000000"
"1322","2021","중소벤처기업부","중소기업기술개발지원","14323000"
"1323","2021","중소벤처기업부","중소기업기술개발지원","3695000"
"1324","2021","중소벤처기업부","중소기업기술개발지원","93000"
"1325","2021","중소벤처기업부","중소기업기술개발지원","100000"
"1326","2021","중소벤처기업부","중소기업수출촉진지원","10110000"
"1327","2021","중소벤처기업부","중소기업성장안정지원","140000000"
"1328","2021","중소벤처기업부","중소기업기술개발지원","556000"
"1329","2021","중소벤처기업부","중소기업기술개발지원","192812000"
"1330","2021","중소벤처기업부","중소기업기술개발지원","50000"
"1331","2021","중소벤처기업부","중소기업기술개발지원","29991000"
"1332","2021","중소벤처기업부","중소기업성장안정지원","232895000"
"1333","2021","공정거래위원회","중소기업 경쟁여건 개선","132286"
"1334","2021","공정거래위원회","중소기업 경쟁여건 개선","2520"
"1335","2021","중소벤처기업부","중소기업수출촉진지원","405000"
"1336","2021","중소벤처기업부","중소기업수출촉진지원","0"
"1337","2021","중소벤처기업부","중소기업성장안정지원","46000"
"1338","2021","중소벤처기업부","중소기업성장안정지원","55000000"
"1339","2021","중소벤처기업부","중소기업기술개발지원","163000"
"1340","2021","중소벤처기업부","중소기업수출촉진지원","0"
"1341","2021","중소벤처기업부","중소기업기술개발지원","493000"
"1342","2021","중소벤처기업부","중소기업기술개발지원","15957000"
"1343","2021","중소벤처기업부","중소기업성장안정지원","18000000"
"1344","2021","중소벤처기업부","중소기업기술개발지원","169000"
"1345","2021","중소벤처기업부","중소기업수출촉진지원","15300000"
"1346","2021","중소벤처기업부","중소기업수출촉진지원","437526"
"1347","2021","중소벤처기업부","중소기업수출촉진지원","11000"
"1348","2021","중소벤처기업부","중소기업수출촉진지원","154000"
"1349","2021","중소벤처기업부","중소기업수출촉진지원","7000"
"1350","2021","중소벤처기업부","중소기업수출촉진지원","0"
"1351","2021","중소벤처기업부","중소기업수출촉진지원","792000"
"1352","2021","중소벤처기업부","중소기업성장안정지원","180000"
"1353","2021","중소벤처기업부","중소기업기술개발지원","1700000"
"1354","2021","중소벤처기업부","중소기업기술개발지원","313000"
"1355","2021","중소벤처기업부","중소기업기술개발지원","456000"
"1356","2021","공정거래위원회","중소기업 경쟁여건 개선","1000"
"1357","2021","중소벤처기업부","중소기업기술개발지원","6278000"
"1358","2021","중소벤처기업부","중소기업기술개발지원","16066000"
"1359","2021","중소벤처기업부","중소기업기술개발지원","9000000"
"1360","2021","중소벤처기업부","중소기업성장안정지원","5423000"
"1361","2021","중소벤처기업부","중소기업기술개발지원","28000"
"1362","2021","중소벤처기업부","중소기업성장안정지원","330000000"
"1363","2021","중소벤처기업부","중소기업기술개발지원","383000"
"1364","2021","중소벤처기업부","중소기업기술개발지원","1390000"
"1365","2021","중소벤처기업부","중소기업기술개발지원","10125000"
"1366","2021","중소벤처기업부","중소기업기술개발지원","4850000"
"1367","2021","중소벤처기업부","중소기업수출촉진지원","0"
"1368","2021","중소벤처기업부","중소기업수출촉진지원","305000"
"1369","2021","중소벤처기업부","중소기업수출촉진지원","30000"
"1370","2021","중소벤처기업부","중소기업수출촉진지원","3000"
"1371","2021","중소벤처기업부","중소기업기술개발지원","0"
"1372","2021","중소벤처기업부","중소기업기술개발지원","2000"
"1373","2021","중소벤처기업부","중소기업기술개발지원","1815000"
"1374","2021","중소벤처기업부","중소기업기술개발지원","649000"
"1375","2021","중소벤처기업부","중소기업성장안정지원","60000000"
"1376","2021","중소벤처기업부","중소기업성장안정지원","0"
"1377","2021","중소벤처기업부","중소기업기술개발지원","13000"
"1378","2021","중소벤처기업부","중소기업수출촉진지원","12799000"
"1379","2021","중소벤처기업부","중소기업기술개발지원","413000"
"1380","2021","중소벤처기업부","중소기업기술개발지원","0"
"1381","2021","중소벤처기업부","중소기업기술개발지원","47742000"
"1382","2021","중소벤처기업부","중소기업기술개발지원","285000"
"1383","2021","중소벤처기업부","중소기업기술개발지원","23938000"
"1384","2021","중소벤처기업부","중소기업기술개발지원","8300000"
"1385","2021","중소벤처기업부","중소기업수출촉진지원","70000"
"1386","2021","중소벤처기업부","중소기업수출촉진지원","8994000"
"1387","2021","중소벤처기업부","중소기업수출촉진지원","0"
"1388","2021","중소벤처기업부","중소기업수출촉진지원","33000"
"1389","2021","중소벤처기업부","중소기업기술개발지원","1016000"
"1390","2021","중소벤처기업부","중소기업기술개발지원","7500000"
"1391","2021","중소벤처기업부","중소기업기술개발지원","3634000"
"1392","2021","중소벤처기업부","중소기업기술개발지원","0"
"1393","2021","중소벤처기업부","중소기업기술개발지원","400000"
"1394","2021","중소벤처기업부","중소기업성장안정지원","10000"
"1395","2021","중소벤처기업부","중소기업기술개발지원","0"
"1396","2021","중소벤처기업부","중소기업기술개발지원","0"
"1397","2021","중소벤처기업부","중소기업성장안정지원","0"
"1398","2021","중소벤처기업부","중소기업기술개발지원","1280000"
"1399","2021","중소벤처기업부","중소기업수출촉진지원","4000"
"1400","2021","중소벤처기업부","중소기업성장안정지원","0"
"1401","2021","중소벤처기업부","중소기업기술개발지원","0"
"1402","2021","중소벤처기업부","중소기업기술개발지원","433000"
"1403","2021","공정거래위원회","중소기업 경쟁여건 개선","8000"
"1404","2021","중소벤처기업부","중소기업수출촉진지원","50000"
"1405","2021","중소벤처기업부","중소기업수출촉진지원","30000"
"1406","2021","중소벤처기업부","중소기업수출촉진지원","37000"
"1407","2021","중소벤처기업부","중소기업수출촉진지원","0"
"1408","2021","중소벤처기업부","중소기업수출촉진지원","0"
"1409","2021","중소벤처기업부","중소기업기술개발지원","12325000"
"1410","2021","중소벤처기업부","중소기업기술개발지원","10000"
"1411","2021","중소벤처기업부","중소기업기술개발지원","12000000"
"1412","2021","중소벤처기업부","중소기업기술개발지원","0"
"1413","2021","중소벤처기업부","중소기업기술개발지원","0"
"1414","2021","중소벤처기업부","중소기업수출촉진지원","3000"
"1415","2021","중소벤처기업부","중소기업기술개발지원","288000"
"1416","2021","중소벤처기업부","중소기업성장안정지원","2182000"
"1417","2021","중소벤처기업부","중소기업기술개발지원","0"
"1418","2021","중소벤처기업부","중소기업기술개발지원","518000"
"1419","2021","중소벤처기업부","중소기업기술개발지원","12500000"
"1420","2021","공정거래위원회","중소기업 경쟁여건 개선","5850"
"1421","2021","공정거래위원회","중소기업 경쟁여건 개선","0"
"1422","2021","공정거래위원회","중소기업 경쟁여건 개선","35150"
"1423","2021","중소벤처기업부","중소기업수출촉진지원","0"
"1424","2021","중소벤처기업부","중소기업성장안정지원","500000"
"1425","2021","중소벤처기업부","중소기업성장안정지원","1770000000"
"1426","2021","중소벤처기업부","중소기업기술개발지원","3000"
"1427","2021","중소벤처기업부","중소기업기술개발지원","69000"
"1428","2021","중소벤처기업부","중소기업기술개발지원","44757000"
"1429","2021","공정거래위원회","중소기업 경쟁여건 개선","400"
"1430","2021","중소벤처기업부","중소기업수출촉진지원","9000"
"1431","2021","중소벤처기업부","중소기업수출촉진지원","402000"
"1432","2021","중소벤처기업부","중소기업수출촉진지원","2823000"
"1433","2021","중소벤처기업부","중소기업기술개발지원","392621000"
"1434","2021","중소벤처기업부","중소기업수출촉진지원","0"
"1435","2021","중소벤처기업부","중소기업수출촉진지원","2000"
"1436","2021","중소벤처기업부","중소기업성장안정지원","0"
"1437","2021","중소벤처기업부","중소기업기술개발지원","34000"
"1438","2021","중소벤처기업부","중소기업기술개발지원","7425000"
"1439","2021","중소벤처기업부","중소기업기술개발지원","10625000"
"1440","2021","중소벤처기업부","중소기업기술개발지원","0"
"1441","2021","중소벤처기업부","중소기업기술개발지원","201000"
"1442","2021","중소벤처기업부","중소기업기술개발지원","7712000"
"1443","2021","공정거래위원회","중소기업 경쟁여건 개선","360000"
"1444","2021","중소벤처기업부","중소기업수출촉진지원","194000"
"1445","2021","중소벤처기업부","중소기업수출촉진지원","18000"
"1446","2021","중소벤처기업부","중소기업기술개발지원","418324000"
"1447","2021","중소벤처기업부","중소기업성장안정지원","100000"
"1448","2021","중소벤처기업부","중소기업기술개발지원","8291000"
"1449","2021","중소벤처기업부","중소기업기술개발지원","5843000"
"1450","2021","중소벤처기업부","중소기업기술개발지원","2750000"
